id,token0,token1,volumeUSD,createdAtTimestamp
0x0001fcbba8eb491c3ccfeddc5a5caba1a98c4c28,BCZ,WETH,0.1849193372604300017804758202164034,1626494775
0x0002e63328169d7feea121f1e32e4f620abf0352,wNXM,ICHI,0,1647291448
0x0003c9d75e102b8a9fe77280ca410e9135beb150,TRANCHE-bWBTC-A,USDT,2.66107,1664610419
0x000e0bbcfdba9490ee20b0a7900a4dff46317998,FORTH,WAMPL,0,1676380091
0x000ea4a83acefdd62b1b43e9ccc281f442651520,BUSD,WETH,4824267.279854521957089060042776617,1620289511
0x000f0c0b0b791e855dcc5ad6501c7529dea882e0,WETH,DOGGE,0,1623133218
0x0025ade782cc2b2415d1e841a8d52ff5dce33dfe,WETH,SIM,2027969.029439630766310853704217675,1622550974
0x002c0b78c8057636918b963cd26c07b7f2892bd8,WETH,CP,449.6232866667318800279087899561653,1644504734
0x00323a300261042dd5d697e3f92a06279cc7d15b,LTY,DOGY,0,1620355783
0x0041426a64a85ef884387dc3a69f9df1fbb7f9d1,WIVA,USDC,349.949999,1642771615
0x005843e075e77ba46a26d24914db10a4d9ca0122,WETH,FREEBRIT,50.38236592968574898322020214887573,1625477032
0x0059b4c53c85bb8159014bfd20700c14b29c4483,BCVT,USDT,422003.2929206367494891532886409989,1626114596
0x005b584315d7c47bb5fca504ac0d8df56aea40f9,USDT,STC,0.01000361224100359418350001249550434,1623316678
0x005cd18887579ed785fb3e5e2c9356c31b78f89e,wMEMO,MIM,0,1638511349
0x005e3dc62b7a269bef2a7d06e06cc0c991375c6f,MODE,WETH,5187.737877956972571153910386245936,1652150582
0x0068bb604413dfee5c453907bb150d0312a0f257,SXHC,WETH,54196.25506322825500947921991948906,1621923371
0x006ac24a1f49e472673c82327bdf177a5c11491b,WETH,FUDX,23.44517388687004155152597216622357,1625481989
0x0072adf9e6c1840804e56be890d78788600834b6,CGD,WETH,414.8546903562226701542909331222093,1661136759
0x00953df8289165834539f5fdbc2bf40fa1538840,WETH,MON,703.3359918083510755338132335066662,1642514195
0x009b5d59ff6d7b5140b76fd0d25396f8014d5bd0,DAI,VSDC,678.6669934666755891226251583167509,1628319476
0x00a151b39b43f6a79366f9129222b9370e30a702,BURNLY,WETH,89403.76997450945814518076822669615,1648585472
0x00a9205611cc32ec9c0d16fc58f31b9355ec7ade,EGG,USDT,14717.54770191793596980780593598731,1648517244
0x00a9897a285247d285adbe77d5584612f04735be,KNX,USDC,82408.669211,1640800656
0x00ae909d0405a4ae2b190af7c731711d0fc56bb7,USDC,wBOND,367173.478132,1636105223
0x00c23703d02565ec5536f58f8b586ec052195d08,RAI,NCR,0,1632497313
0x00c6a247a868dee7e84d16eba22d1ab903108a44,WAVAX,WETH,12061244.41516495935099242660637855,1640306084
0x00cc4f4fdce4207b37ea129251d1afb2cd45efcd,"<animateMotion dur=""2s"" repeatCount=""indefinite"" path=""m33.980756,21.474954c20.166597,-50.254797 99.179986,0 0,64.61331c-99.179986,-64.61331 -20.166597,-114.868107 0,-64.61331z""/>",&#x5C;(❤️.❤️),0,1622976971
0x00cef0386ed94d738c8f8a74e8bfd0376926d24c,BUSD,USDC,521915047.1607237145920522387135823,1621884053
0x00d336082e3f555dcfd3ef17bb2fafb5708a61e9,NUMM,USDC,132.084403,1656416613
0x00dbd02706a86e391ea30d53aa88f7df53a06b85,BNT,vBNT,0,1643935262
0x00e0e850070c1131e0004330b0a16172f78ffec9,PCS,USDT,0.219591,1670087471
0x00e145fc1111a085616eb1cb414226e192537148,BULL,WETH,40.15870456457269373995488375630136,1653244976
0x00eac8324053b72a43fbf65aeee36a9eb16258ac,WETH,RESQ,0,1623281416
0x00ef3b7e122853ba088a1833f7bd3b5ad3dd0d32,WETH,Yf-DAI,80435.21924154840132781008049599155,1620288862
0x00f59b15dc1fe2e16cde0678d2164fd5ff10e424,STC,WETH,14708190.64091330357227425069028558,1620247170
0x010064b4ecabf8de4389d6a4ec4deebb48a9c834,CCTS,IVY,0,1664802191
0x010d625a1de2297efc4e795bf34a2795e02252e3,DAMMO,WETH,3289.00595090628118790569009879146,1671166067
0x010e3607ee6d9f43a24efe589a9fec74bba101fd,HMB,HMB,0,1657965001
0x011e903da81919f1e143e6f651f7fe454571643b,WBTC,DAO9,2376.586501421368584946087589278502,1675813679
0x01252ed202959db517ab4e4871ad83e80b53805b,SS16,WETH,7665.146411885797194816244305840788,1633144744
0x01256f1f3e762ff963f77c68ef2fc56670bc32a0,LMKT,FXS,0,1661324308
0x012735b227545d1e9a690c3cfac935f2a5ec75c1,PinkB,WETH,254.9943384635705120239762388059916,1669920503
0x01274e84944b9923fefb73aac4371186d588e9ee,DIE,WETH,5500.324502441927454880590529697424,1666280999
0x012a47d45f077796282f22220d3844c4d72504aa,BTC2x-FLI,ETH2x-FLI,0,1622856832
0x013037f7e497beb2903e9b73603c6ae30648dbf0,SXHC,USDT,7887.422846954469677420463906026897,1620450826
0x013c34b1c9a364dd9f953ec024c71019dea01011,SLIME,WETH,46963.11397213372384521557194323186,1648440873
0x015769601d8d4879c0e193eeab31f10cf03c9ea9,USDC,MLP,85460203.830035,1650977830
0x0158de06d8bee85b063a733e1f5f01b3be3cc3f1,WETH,OXM,0,1634467713
0x015aef52ebfc64d6336a918b9de86af3ef31c865,CHP,USDT,237351.7281253547077670177244230183,1647615660
0x015b79c21b7d58e25bac7977711db280f0efa7e4,BLL,WETH,169224.5998825948868736001993360815,1626130455
0x016d7096a73bf466f444f286e704d81d09babec2,WBTC,T,22419.15091830011665883766829173057,1652391517
0x016d96dee5c1e0594d898fc7b971b39209677f18,INDEX,DPI,0,1628939752
0x0170915a0a6de6eb8dfc4e0f7415ad5a5a2be180,BTRST,USDC,11714295.198437,1631845373
0x0179eac7402915c64431019d76875a7e5d86f7fd,USDT,LEAN,51520.0436731362326181829060612781,1650782682
0x017b691cd418f744df673fef49187864fe7d9aba,WETH,MOME,416.7434028643239796831989733412739,1643189909
0x017c5e3912cd04982eb27a6c8f32cd5d31bd89e9,MANA,1INCH,35646.80689786045154304518831191544,1642796687
0x01949723055a451229c7ba3a817937c966748f76,CTSI,WETH,40105556.80077758469639556787059244,1622189282
0x0196cc470e0abd835ae8fb4dd1f4bfe2d400c8f6,USDC,LUM,0,1665187763
0x01a08178ba3d0ddcea35f714e795982cf39abb28,WETH,BUCC,5102.153740164304842466794787772731,1622451895
0x01a0c571da329f4a2730d988911acf7a0bcfce35,OCEAN,PSDN,0,1666504787
0x01ac3d8ac0ea2e799768005a93b221326cc7ebc7,SHY,WETH,0,1673118251
0x01af87861dc406db2a870e88b566ac6b5136b0cf,stETH,cbETH,0,1671556619
0x01b2848a0d9ffced595b0df3df10fb32430fa200,ROVI,USDT,1386.834775,1673270807
0x01bd7aa442ceaaa41f336758a84f3abd1138c4e7,WETH,QUA,37212.46332250342032032864682083332,1655041787
0x01ceb1bd07d19d2c67e06e293be98b25a71a9cda,RSD,WETH,975.745146650058292101528318870862,1624187953
0x01d511f058bc31f958396c0bf52ed3be420eba53,SOURCE,USDC,140000.949401,1643230100
0x01df18e8132e2a1f34d02653bb51020b6cd52461,AAPL,WETH,585.1826217145454593901234714985898,1622323402
0x01e6208c8d0410acd6c3bc50c787f3509235bd06,WETH,DSMB,163087.4645666692405905750585278348,1627829131
0x01ed0c87971b50b04ad0d8b82ba097b926562bde,SWFTC,WETH,0,1668728255
0x01ee67b6babf5e635cd3d15ee7c668f3c659b43a,GBL,WETH,0.1581439766402999215613781595366321,1660990068
0x01f30d94091a3dd206968b53743bd2abe9cec799,iETHV,USDC,5266.68781,1623948317
0x01f6c1387c46e91d3abeb236d358c773e05c4e24,CERO,WETH,2.641841977090114296058992673075976,1671064751
0x01fced9420b37f9b5dee28af7e692c283d987bc5,CLIT,WETH,15699.96482220713852003203979125827,1621293726
0x0205984f283fd616cfcdf659dd66ba1d5f8c4804,WETH,CGLD,952379.0863107394251047217388589441,1636773286
0x020ba87daca38562021260216831f2e98b6d8e61,BKT,USDT,79790.8283306996449223634424654284,1624120626
0x020c349a0541d76c16f501abc6b2e9c98adae892,USDC,SNX,98271791.71261463194646204380861877,1631791266
0x0210afe83229ec7c6ab34d57acc92be8411c3807,Hi,WETH,66297.06769623747173747564799285907,1628595566
0x02178ec58822a93b29921448f209383bbecc90ea,REHAB,WETH,134250.4332424480821200679386783447,1622689314
0x021ab4a498448d2612dfb4b93b9e4ed19729df54,WETH,HOP,1129075.307244036492257187560800791,1654834074
0x021d4d1c8a6ce7837d7cc93d47eedea379d9d5d4,FTW,WETH,1.066664365014411097749285554504395,1625318374
0x021f7542293a4f720c033c60637d8d90423277d5,ICHI,BIT,0,1666804763
0x0221d724c1a37b8c54dd99fefddae2b903d193d6,DAI,AMP,131363.3405157003694635826014690024,1622527373
0x022a6ecac153ac67aadff53ab9deeba27ffbc69c,FXS,FRAX,0,1663139395
0x02304cea74e7459a7795687281282f791283532f,DRYDOGE,WETH,838.4858517170589125374766915618075,1637004165
0x0230ddd838e499865405042560e72aa38324acd1,BOB,USDT,2761402.902402915865200845231883005,1666950839
0x0236d30f9d33ca8898d7f258357f572e863192dc,BCT,WETH,41069.46972369263960145528765680653,1666957079
0x02469e30dd450de2e9de00d49d679f1d1d774ada,GET,WETH,9687672.032272639731325841532186134,1624160128
0x024e90965c2dd92ed3bdd98738803b55c73beef4,DART,WETH,0,1621283451
0x025425ac611a2035578721f237c94774987915f5,Love!,WETH,1.723043746871261127174164943543591,1659194275
0x0254a309f5140d457c0699e2cd0457a692a69cc4,KOIN,WETH,36287922.90651848210525330001620499,1621555082
0x0254aecaf8175c70f1afaf68944094c2a662c477,FLKT,WETH,2758.060087710210874800168251683558,1648515864
0x02551cab0f196669e1599f2799a6c3d049f3717a,MOONING,USDC,31910.578882,1626280788
0x02575a054ccf1cbcef93f82f3a8d22f3d87e13b4,scFOX-0324,USDC,317494.754863,1648000185
0x025a217c85b1d73e4fc8e0e538c35a6d9b18fea5,UP,WETH,0,1670448479
0x025b887e7f62d8b5f1564ba204187452cf27f634,USDC,SWYF,580342.87545,1637698661
0x026279374a0e1f836ff7ccaae0e53ba456a6be79,WETH,GENOS,403.6090837132346379045736007363023,1652037900
0x0262ba40d36f70172bdb1506597ea6b84489c8d4,KTR,WETH,2078.48353490818698207718055885113,1626773226
0x0268ba14a0e35d237c9c6a76f1adc5b3775d1b79,WDOGE,DAI,884.7938011430006841116320666210981,1622680062
0x026998fcba74c8689c5706e513e21815e4364ea8,WETH,ADOPTION,30818.51524089321755463944861034182,1667077595
0x026babd2ae9379525030fc2574e39bc156c10583,WBTC,USDC,40147.19446126089943033337094740041,1663138793
0x0003c9d75e102b8a9fe77280ca410e9135beb150,TRANCHE-bWBTC-A,USDT,2.66107,1664610419
0x000e0bbcfdba9490ee20b0a7900a4dff46317998,FORTH,WAMPL,0,1676380091
0x00e0e850070c1131e0004330b0a16172f78ffec9,PCS,USDT,0.219591,1670087471
0x010064b4ecabf8de4389d6a4ec4deebb48a9c834,CCTS,IVY,0,1664802191
0x010d625a1de2297efc4e795bf34a2795e02252e3,DAMMO,WETH,3289.00595090628118790569009879146,1671166067
0x011e903da81919f1e143e6f651f7fe454571643b,WBTC,DAO9,2376.586501421368584946087589278502,1675813679
0x012735b227545d1e9a690c3cfac935f2a5ec75c1,PinkB,WETH,254.9943384635705120239762388059916,1669920503
0x01274e84944b9923fefb73aac4371186d588e9ee,DIE,WETH,5500.324502441927454880590529697424,1666280999
0x0196cc470e0abd835ae8fb4dd1f4bfe2d400c8f6,USDC,LUM,0,1665187763
0x01a0c571da329f4a2730d988911acf7a0bcfce35,OCEAN,PSDN,0,1666504787
0x01ac3d8ac0ea2e799768005a93b221326cc7ebc7,SHY,WETH,0,1673118251
0x01af87861dc406db2a870e88b566ac6b5136b0cf,stETH,cbETH,0,1671556619
0x01b2848a0d9ffced595b0df3df10fb32430fa200,ROVI,USDT,1386.834775,1673270807
0x01ed0c87971b50b04ad0d8b82ba097b926562bde,SWFTC,WETH,0,1668728255
0x01f6c1387c46e91d3abeb236d358c773e05c4e24,CERO,WETH,2.641841977090114296058992673075976,1671064751
0x021f7542293a4f720c033c60637d8d90423277d5,ICHI,BIT,0,1666804763
0x022a6ecac153ac67aadff53ab9deeba27ffbc69c,FXS,FRAX,0,1663139395
0x0230ddd838e499865405042560e72aa38324acd1,BOB,USDT,2761402.902402915865200845231883005,1666950839
0x0236d30f9d33ca8898d7f258357f572e863192dc,BCT,WETH,41069.46972369263960145528765680653,1666957079
0x025a217c85b1d73e4fc8e0e538c35a6d9b18fea5,UP,WETH,0,1670448479
0x026998fcba74c8689c5706e513e21815e4364ea8,WETH,ADOPTION,30818.51524089321755463944861034182,1667077595
0x026c05d9c9a9e4b095c78e31824959009344561a,$CREDIT,WETH,0,1667264243
0x0273928ebcb46f954489dd1c40b1113f2aedd05e,USHI,WETH,472.3164597715962864556266330895039,1665786815
0x0278b79b35c7ad17069d00f5da57d4384d1ab4ce,SAFU,WETH,641.950778808228110826837869973106,1663700543
0x02824ffac5f7e2b5bd039855dd331b1e8fd30544,ICHI,LDO,0,1667784851
0x02966fb90f5bd6ca066adb660336fc543de87d7c,WETH,Blur,0,1676381351
0x02c1d02e3a1fc3406b3b40fdad1f4eaff6e50972,GAL,USDT,0,1665060923
0x02d87123005416a2869f8a192e2e47aae639db7e,WETH,RBIS,106823.2143223350360962818314327028,1667140787
0x02e9b41cfed25f5c14c3823e912ee0c8bf68be3e,DMTR,WETH,27121.76710947047454610318012662558,1676220311
0x02e9c44bb5e43d2fe067ca5aecf9387ffb45c3d5,MTV,WETH,5063.73873357748090366815408209243,1670825591
0x03581d0902c442e977438cb700df450db98b464b,GET,USDC,200.7674,1667472743
0x037bd30391045145ca35146d113857195b939f9b,wmn,WETH,240.0624729470562171979049366089088,1668689555
0x03881f825b62c6e3bae32f9e67c93e5ecdd97198,XEO,WETH,1.204393259459040296198850827514395,1668074963
0x03aba5d772d2bc81e416295b6d5f914bbc12dcb7,MET,USDC,160228.577403,1665753347
0x03ef34cf964d050798e416fa1cad334a0fae007d,ZVOID,WETH,0,1674922655
0x040ee2c7a92b2182f51fb26cb11c3795badf6883,SKME,USDT,0,1669708691
0x041c677f6d782c90f5c2a5a8ab57866d720cd667,ipUSDC,USDC,3957.292472,1670939903
0x0420db196dbe9328c63b596954813fd625316017,USDT,UND,0,1670265743
0x042ac14a9839290980f932e0c7cb53d2054ca130,MGPD,WETH,0,1663222425
0x04900f0665d07d30fab119b3d01a49e5c337a7db,JEETAI,WETH,16.12106782991933284875342730470407,1675552595
0x04c8f694fb2bc8a0534165a445766f6c12edd0a7,bitAI,WETH,258.493814582995700187351291690579,1675803383
0x04d774a80752a8fbb22d5d8ff1e53203fb207f73,LOKEY,USDC,97.166716,1667211959
0x04d99e1eaef553673b132ebded6639cf78bf9ee7,ASIC,PLSD,0,1669792403
0x04eb5b4c9d8becfc1f10a7e7c541b1169dc3adc9,WETH,CDT,133876.4918142621689337799199232601,1675021031
0x050193be29813147c6bef4b057d07dcfe137bdc9,ICHI,FRAX,0,1668995951
0x0535f1ba668d6457a1d6db9cb48b96b24e66ed34,$ex,WETH,0,1671611687
0x0547b445ef290a55b578f43d9cf1d50d4ea31674,WETH,$EXAMPLE,46271.1788169309684892798274726389,1666233455
0x055284a4ca6532ecc219ac06b577d540c686669d,ease.org,ez-SLP-WBTC-WETH,0,1663808363
0x05774bb3a8b668806509e87307ebafdbc2939c21,WETH,MAC,3454.511571472164473314171779066476,1671458327
0x057edfb691216072b124fca1d78a743a9da7a139,MNGO,DAI,104327.231663983962360741,1666203335
0x058a4690f35776d677e22f1c21f4fa2d15a677d8,IDV,USDT,2053.849488,1675954691
0x058df75c47f521a1cdccfba16e363c69f37d8452,HeyDEV,WETH,381.1990305757340837109092240551922,1672474967
0x059d671354deeee083413b3acc4b1e0918b8f5f3,BONK,WETH,20181.02238073597303414055268012271,1672882007
0x05bdbad6f77d36a3548133b0d91363736f9d5c88,WETH,SEC,1710.625096149772844657906865839256,1668823103
0x0615df4ff007cf5eaa6f779a8c92d59069bfcbaa,APE,USDC,67575.802315,1670978267
0x061772ca01791a80cfdd72c03b64cf2ae5482b06,EMP,WETH,18.99309205875056190101378985547981,1664504015
0x062b3914f1aaff7ad5f31d13f2a4da5d8e172e3c,FAITH,WETH,8733.505371449393882795624427220107,1665353087
0x062b5073e30e0f4bdb5e7437cfdc659916d631c0,PROS,WETH,23103.59403615768632973751678281581,1668205415
0x0651d5c32878559178654a7e5b4141aeb90c9c9c,BTK,USDT,25.24981969151619258330512729987011,1675011431
0x0661cb57cb33f9fa255576d1cc5e15857dfc6ae2,ICHI,MIDAS,0,1669055219
0x0663fd27091046495142e3e74ab697e32e64c678,DABL,WETH,0,1669357307
0x06672e95b3e79e1e0b1147a05878cb6e2c5a7a0f,USDC,SHBN,10513.67664,1675479635
0x06909fae7748d015083a472b1ecaef1203c19bde,GYEN,ZUSD,0,1669068239
0x069648e80a86a3cdfa5ffb235a68b43b21b938b8,WETH,COC,3621.29148332617447000292865038316,1675709699
0x06a427efba9b61f085a8e07bd32c3e7cd48a74ec,Web3Antivirus,USDT,0,1675169879
0x06c3c090b9a3ec53872e8e4af93b77d66b00297b,FCC,USDC,7791.799103,1668400787
0x06d88376a9c3a95087fd097ef1070c549180beff,BAC,WETH,1.155759113552122134614175778285387,1663993619
0x070e4e76f2079198b2dce92ba2ebe65f9002e5bc,SX,USDT,2937.481625,1669041251
0x073a9327390f94e801e633f32b4189742f3773b9,RINU,WETH,39.58836143441307686344916282899574,1671113351
0x076027345cc505573ee215d835a11e638939f2a4,FXS,CRV,0,1670990063
0x07677ec104cf4cc7de5b33300a2cd3507715226f,3k,WETH,0,1666648655
0x07797c4c95d18717c2c0158fb5e764b1c7429ee7,UMA,ICHI,0,1668997487
0x079d3e2569280d7d1df21204c7da0d7ce1f1f96f,pega,USDT,0,1666694495
0x07a5c6c8918a124b2889b6b94aed56740028bbe4,USDT,USDT,0,1675271771
0x07afca04549d415461159ff2146dd7ede523d49e,OMNIA,WETH,524.0848095123410190791207999194444,1672582535
0x07bbd288da0b23ee299018be6c9c90551ec5b76d,NRG,USDC,1335.071915,1676500655
0x07d86f491acc41b1ef2cb21316748c43f933af33,MERGE,WETH,5105614.562374107546116961084726811,1663166393
0x07e43b28640e30a60bffcc885f2d7ae5fb6251c2,QNT,DAI,159.4041412778698249965790259374201,1675162019
0x07f92500c25bfba25d1e9627793c3972355630d0,DGT,WETH,582.3920056328802625290605465169486,1671906743
0x07ff38e9be6e867d298d8f4aedfd58d98456cf82,OTOCO,USDC,52420.16328,1665011363
0x081b69b3e4ca38680d42fccdbe451009e9b27f9e,WBTC,NEXT,18716.43529940422925745361905205109,1663145610
0x081f18d30f46ddb2528c40feccc92198e56078d7,明三,WETH,1344.19920942732591468935066838073,1664765003
0x08460c96e8e961abc6c88c354f42828f34892307,ASM,USDT,4.014581,1663927211
0x08866a21550853e5eef6ef40a8daf871b9843fff,CELL,USDT,172422.5957880480022068287738069051,1664255243
0x08c83e68298d523be2b1a77ccd05e3eebbbc4a14,wTAO,USDC,0,1675888799
0x08e9ac02bdcd4d1eee756342bd9083ec61f7b05f,Chief Twit,WETH,7282.271879397805387712899724191906,1666812047
0x08ff318a4972ac6e1c2e72960b6c004c6e43a80a,JCOIN,WETH,17990.61069671991995408121730811618,1667329235
0x092b0d780cfbe12bbca50ebdaefec62d32b19022,STORM,WETH,61.41387902633684138231600708100365,1668589703
0x0947cfc7cd4bb54455571e12438b9b39f3f028f4,WRAB,USDT,0,1675629071
0x09595135beb1efdccec4213d835cf578da45c56b,UOS,USDT,0,1671788567
0x09a39d3a83e18ba24f76b3e75302fbccefc9e69b,USDC,FOA,119118.898245,1671735431
0x09c2395f31257b922bfd9d3ca9ee6c5f308bee70,WDOGE,WETH,4160.833962256497122963885303231783,1668727259
0x09ca9713b2317e604f15a55c9c045fe6af8e7bb7,TPF,USDT,258.834978,1668407051
0x09db53d154d7799d941e31612fc425ed9841fbd1,BALD,WETH,0,1673246399
0x09dbfd0012e3f251e0fa4143d3ce41e019d853b1,CFC,WETH,0,1664598755
0x09f489c6acb9bf2f0473c7438cf8a796a3e36464,SHIBARIUM,WETH,1323163.707888112981214385961145606,1674996659
0x09fe8c4ab566d6c9392cb3a04a902f4cd4d3e1fe,QNT,LINK,627712.0240084747654268491266673281,1667336627
0x0a1403dabec87a2327962f3ac717d5b0d81e15bd,paprMEME,WETH,107.0276442437129496178876317613951,1675803443
0x0a1a175789ecf43c72b7a8260d965e91551949fa,CWT,USDT,728.336535,1673337527
0x0a488adf1d8e0836cfa52787f413829db8ceca6f,SOLID,USDC,605501.405451,1672502519
0x000e0bbcfdba9490ee20b0a7900a4dff46317998,FORTH,WAMPL,0,1676380091
0x011e903da81919f1e143e6f651f7fe454571643b,WBTC,DAO9,2376.586501421368584946087589278502,1675813679
0x01ac3d8ac0ea2e799768005a93b221326cc7ebc7,SHY,WETH,0,1673118251
0x01b2848a0d9ffced595b0df3df10fb32430fa200,ROVI,USDT,1386.834775,1673270807
0x02966fb90f5bd6ca066adb660336fc543de87d7c,WETH,Blur,0,1676381351
0x02e9b41cfed25f5c14c3823e912ee0c8bf68be3e,DMTR,WETH,27121.76710947047454610318012662558,1676220311
0x03ef34cf964d050798e416fa1cad334a0fae007d,ZVOID,WETH,0,1674922655
0x04900f0665d07d30fab119b3d01a49e5c337a7db,JEETAI,WETH,16.12106782991933284875342730470407,1675552595
0x04c8f694fb2bc8a0534165a445766f6c12edd0a7,bitAI,WETH,258.493814582995700187351291690579,1675803383
0x04eb5b4c9d8becfc1f10a7e7c541b1169dc3adc9,WETH,CDT,133876.4918142621689337799199232601,1675021031
0x058a4690f35776d677e22f1c21f4fa2d15a677d8,IDV,USDT,2053.849488,1675954691
0x059d671354deeee083413b3acc4b1e0918b8f5f3,BONK,WETH,20181.02238073597303414055268012271,1672882007
0x0651d5c32878559178654a7e5b4141aeb90c9c9c,BTK,USDT,25.24981969151619258330512729987011,1675011431
0x06672e95b3e79e1e0b1147a05878cb6e2c5a7a0f,USDC,SHBN,10513.67664,1675479635
0x069648e80a86a3cdfa5ffb235a68b43b21b938b8,WETH,COC,3621.29148332617447000292865038316,1675709699
0x06a427efba9b61f085a8e07bd32c3e7cd48a74ec,Web3Antivirus,USDT,0,1675169879
0x07a5c6c8918a124b2889b6b94aed56740028bbe4,USDT,USDT,0,1675271771
0x07afca04549d415461159ff2146dd7ede523d49e,OMNIA,WETH,524.0848095123410190791207999194444,1672582535
0x07bbd288da0b23ee299018be6c9c90551ec5b76d,NRG,USDC,1335.071915,1676500655
0x07e43b28640e30a60bffcc885f2d7ae5fb6251c2,QNT,DAI,159.4041412778698249965790259374201,1675162019
0x08c83e68298d523be2b1a77ccd05e3eebbbc4a14,wTAO,USDC,0,1675888799
0x0947cfc7cd4bb54455571e12438b9b39f3f028f4,WRAB,USDT,0,1675629071
0x09db53d154d7799d941e31612fc425ed9841fbd1,BALD,WETH,0,1673246399
0x09f489c6acb9bf2f0473c7438cf8a796a3e36464,SHIBARIUM,WETH,1323163.707888112981214385961145606,1674996659
0x0a1403dabec87a2327962f3ac717d5b0d81e15bd,paprMEME,WETH,107.0276442437129496178876317613951,1675803443
0x0a1a175789ecf43c72b7a8260d965e91551949fa,CWT,USDT,728.336535,1673337527
0x0a5820bc0cdff89258dd8fb6e7e60fb1363e225e,TITTY,WETH,4736.540803593606871602021113994403,1675459487
0x0aca0a3f15878bb6c5acbf83a8e4d8937bbe0b94,WETH,BN,0,1672620407
0x0b71c658b5e783ed7c4cbf20acf7b96ffd609450,DAI,RARI,313.657742612223778358,1676261915
0x0b95c2e4214cbb6da38049fd21ea5bceff947239,WETH,DCGInu,152.0886815678179535244448610242576,1674093959
0x0c7603d4cfff46b8a6598dd8af7ffad4fc3bfee4,WETH,MAKI,0,1672775171
0x0c983e7b173a6a7a654d30fa3432732c390e44db,ChimpifAI,WETH,32196.39648529539004933334865148767,1675348571
0x0d79dab6a243401429ed98a7d0052b228eaf6df3,Damus,WETH,908.805002632056490846120678373344,1675655675
0x0dbcdf31a66813bbce7bfed43630b005013e550d,UwU,USDT,209478.6413531687133020294096728725,1672654235
0x0e7831d8bf78bdb6531bc1942d61cc466f0c2552,WETH,btcmAI,583.2191884563621876767291980974679,1675243175
0x0f681f10ab1aa1cde04232a199fe3c6f2652a80c,EGGS,WETH,179508.917313342237782526161285622,1675650563
0x102b0e3ffdd6151d3e2bb760cfe67cb8571fb916,WETH,boxFEE,154.6557765099110439618271786249612,1676539883
0x111299de06e6430ca0ad104d77098b570295965a,BLUR,USDC,5581.012375,1676437763
0x11c990d06df093fb7361356b16985051a65ebe2e,USDC,WETH,1.013692205769444712901699316708845,1674476663
0x1254b8fd1189a3738d23d8d10ed280c6ef701124,WAR,WETH,2013.921640424810614042325107643769,1674149567
0x13adf2693e824306e6d8d87aa1ebc38946e96439,WOOF,WETH,46616.14027886099786122623223272128,1675240139
0x1402ef1b49a0c3b1e91e4a085ba2426fddcad49a,SYN,USDC,2574.913846,1675927139
0x149e6f30aa2d07ceb9e102b2a93b54a4c9017e5b,CHOMP,USDT,1921835.525749302907923384028320711,1674639935
0x152c37b951d6c4ffaa22d9bde71910f8032b69c6,CATAI,WETH,17249.4485011637643623847785351488,1675538567
0x15e0e0e40bbb4bcc12fbc196b015928b75d91103,CHOMP,WETH,141603.1298482469900415094684614805,1674766079
0x1638ed24d14e0fac5e66fb6dd52cab007ba894c9,XOLO,USDT,0,1672599107
0x169a61552972fbcd10eb095ecca2ce5325044afa,USDC,FLASH,107821.98256,1675758971
0x16f31bf0e23945547cc43da32711a2ff500f4327,BNBBACK,WETH,525.1611921035077086477288381152823,1673639003
0x16f60256a518e5d1dd9cf2cefc3d4a601c399574,WETH,ZZ,170408.8270409018216264676726739072,1676244491
0x17665f9dab452e4b2f4848f09357bde432725bbe,SDOGE,WETH,129.2445144530506077551014875595297,1673967335
0x17c750aba1673e23b1df33eb436594c3af009871,USDT,ZKS,29368.69465,1676254667
0x180783a221f3771029ea09e0719853d3addd0330,IM,USDC,135171.223464,1675396595
0x184d53c4a59eb7008528751ae51ea9c9056fe697,HEX,Hurry,0,1673848607
0x187a0a3269f33302f070266a00358eef87179526,USDC,FLEX,3600757.573487,1674202307
0x18f807bd8c7c947bcb98e56f67a47fcbcbcf8c50,WETH,( ͡° ͜ʖ ͡°),433645.9858643754989188542601174573,1676223683
0x191f632a679988243895dca08bc41cc8499e1bf4,SOLID,WETH,191858.1825314892780825514721390095,1672510739
0x193b46c8809f2fe811e5322ea31d5e73774da39e,PUSSHI,TSUKA,0,1676267603
0x19cf427e2f28d6224a2b639ca11490205273dafd,BLUR,WETH,0,1676399027
0x19defa1923465f44333d647c8d0407c7bc94e15b,ADT,WETH,1906.045540678399150298852194381678,1674269735
0x1a0249a32f3c8a19648b5d5b3fad61ef4eff140f,CHATGPT,WETH,0,1676118395
0x1a5a35950bb6dd940fec23c6262d3fc75db815dd,RIA,USDT,31252.63784754317285626192521150522,1676194187
0x1a6187731ff7ec4b44e1d93732ec7eeb889272e1,IDRT,USDC,28348.029176,1673343011
0x1ae31ae6ed4a37af286866245ce3a5d14c562de7,NFI,WETH,541.974373624210587205197060691794,1676130731
0x1af7ca94201944f2a9d60ab326eb1f55eb566d36,USDC,THH,0.023098,1675176323
0x1b0f3f9c6e7088210d220696747c6e87e86c570d,LensaAI,WETH,99.27757516385031223220594323823183,1673440955
0x1b316638fc69102ef5ddf4b0b96c81865f14174d,BLUNT,WETH,30.47866635945394914683263791398115,1676389583
0x1c31bf5936ca601c8886433c172b392c85d21718,USDC,LIT,476918.20801,1673817431
0x1ca8c35e0302570f85d0f9f2cb3a759ddfc68120,WETH,BTNTY,247379.1028135859580697871284764755,1674050903
0x1caf31fba10c2b671cfb03342f8bf443386298af,SGT,USDC,3100.393609,1673426519
0x1cc05337fe9bca4fc5d569cfd56df31ceabc2bcb,CHR,WETH,14437.30480887286766194388367941269,1673751851
0x1d1284e43da1de5ee8dd6acbb03f3624cfbd872c,1INCH,WETH,3167644.613826527935515882186501243,1673697083
0x1d2bcc0145aae20fa7a960c5736baf4f5b4872db,HDWY,WETH,103520.1503385793241932993807217846,1673238323
0x1d3919780890fc86e4ddd29d02a187dcb9c1eae2,SOXX,WETH,20416.19261895136854165234250709274,1674425279
0x1dfc106c6c80e1f3e741fe368b89182ac9aa1c8d,1INCH,FRX,134.0650470135784373670955664496004,1673047595
0x1e2b9b572854211930597d6d8c4788ecf4288a50,BLUR,WETH,4795.220361559437805636650977423664,1676398991
0x1e4c6fd00b45b36d5fde9126692a2c1ea88979e3,WETH,ERC20,134.5300869825782395813312325661735,1674393347
0x1f5d6ecf1bc85a658c867710a2ee0620dc8f8db7,BITS,WETH,16.17910164858738941916599147726614,1674701003
0x1faf96df7ccebb724a6edc06badb2cc9ddacb664,DAI,MDT,666314.8237952740521806948486603439,1673799107
0x1fc16940a1b534a3037da496a6a344ddf05a008c,BBB,USDC,0.00001,1676385695
0x1fc736318d8750b9606a0e0dd1835a2e65a32fab,SOLID,WETH,3296.363607515881017681609758090449,1672813115
0x1fee92a8e2948c194c7c274d91de1806d9e9b07b,ANKR,aETH,0,1676441003
0x201fa41cf345761bf46645e5de9b7c5ce3166564,BV3T,WETH,5378.770959745829966347456698425515,1673186579
0x20666fbb965dca58147a71ceaefed1858b52a374,HEX,COM,0,1673829119
0x20f4b0d302c3162521dba81463970efcea03b2e2,ICHI,COC,0,1675709951
0x21202591a02ee22ecc9a4e3a11ab2cf8956f5b07,USDT,DOLZ,478952.3601711918377226378129546594,1673431763
0x215e434e03bdd2ad5c2fefc4ea5f508ed58266e8,fUSDC,WETH,4266.321574241266584645992350059062,1674464243
0x2161b90bcc78b7b4461ebcc45d9c3e667728f3b8,BLOCK,WETH,1660.542615295592527867154410056309,1676092931
0x2197869b74c6f88297213491108e46deb71d10f8,WOOFI,DC,0,1675612799
0x238cdffc9097591d12f5c00136514fbe563f87bf,paprMEME,WETH,216638.3282008414220110854055174634,1675960043
0x238d73c5377da182e154ac5f8a33941e78333aef,ARTAI,WETH,0,1675445135
0x23c0f7f01fa76ca5ff7c0d26b0f7e3d824167529,uP,WETH,12822.54357609192235695963179676566,1675767347
0x24afe6b6a10d701edf71a072f2122f62d95c6dfc,TT0,TT1,0,1672698827
0x252c9c9103440b20d58936ae39111f81fb259e6d,THALES,USDC,357307.564937,1675792823
0x25320cb45d7ba48b0f0ac13dd11c8c23c1796575,USDT,FDT,58.564531,1673862551
0x258338cf09b322ef211fe71cbfa6bdab63611fe0,BAPE,WETH,4217.247735257696992305677306755025,1675721519
0x258a5540bef187377f5215513098510e5233de3c,WETH,BC,17012.90623817969856554989975815535,1673202011
0x26b81867b107e830a5e8c21ad530b0855cb3fdd5,BV3T,WETH,0.1268226487777212439766457503745413,1673065319
0x26b909a86baac825e7fc78a08a7b199b63b7f693,HEX,TEXAN,0,1673114723
0x27262f3b7380ee8faceeac081d33674df96fa36d,WETH,LIT,53181.83186498252557770742942002286,1673960651
0x277b2e551147cdede3187ed927306ab66111f0f6,TUSD,TRAT,10.027539096443321347,1672576199
0x000e0bbcfdba9490ee20b0a7900a4dff46317998,FORTH,WAMPL,0,1676380091
0x011e903da81919f1e143e6f651f7fe454571643b,WBTC,DAO9,2376.586501421368584946087589278502,1675813679
0x01ac3d8ac0ea2e799768005a93b221326cc7ebc7,SHY,WETH,0,1673118251
0x01b2848a0d9ffced595b0df3df10fb32430fa200,ROVI,USDT,1386.834775,1673270807
0x02966fb90f5bd6ca066adb660336fc543de87d7c,WETH,Blur,0,1676381351
0x02e9b41cfed25f5c14c3823e912ee0c8bf68be3e,DMTR,WETH,27121.76710947047454610318012662558,1676220311
0x03ef34cf964d050798e416fa1cad334a0fae007d,ZVOID,WETH,0,1674922655
0x04900f0665d07d30fab119b3d01a49e5c337a7db,JEETAI,WETH,16.12106782991933284875342730470407,1675552595
0x04c8f694fb2bc8a0534165a445766f6c12edd0a7,bitAI,WETH,258.493814582995700187351291690579,1675803383
0x04eb5b4c9d8becfc1f10a7e7c541b1169dc3adc9,WETH,CDT,133876.4918142621689337799199232601,1675021031
0x058a4690f35776d677e22f1c21f4fa2d15a677d8,IDV,USDT,2053.849488,1675954691
0x059d671354deeee083413b3acc4b1e0918b8f5f3,BONK,WETH,20181.02238073597303414055268012271,1672882007
0x0651d5c32878559178654a7e5b4141aeb90c9c9c,BTK,USDT,25.24981969151619258330512729987011,1675011431
0x06672e95b3e79e1e0b1147a05878cb6e2c5a7a0f,USDC,SHBN,10513.67664,1675479635
0x069648e80a86a3cdfa5ffb235a68b43b21b938b8,WETH,COC,3621.29148332617447000292865038316,1675709699
0x06a427efba9b61f085a8e07bd32c3e7cd48a74ec,Web3Antivirus,USDT,0,1675169879
0x07a5c6c8918a124b2889b6b94aed56740028bbe4,USDT,USDT,0,1675271771
0x07afca04549d415461159ff2146dd7ede523d49e,OMNIA,WETH,524.0848095123410190791207999194444,1672582535
0x07bbd288da0b23ee299018be6c9c90551ec5b76d,NRG,USDC,1335.071915,1676500655
0x07e43b28640e30a60bffcc885f2d7ae5fb6251c2,QNT,DAI,159.4041412778698249965790259374201,1675162019
0x08c83e68298d523be2b1a77ccd05e3eebbbc4a14,wTAO,USDC,0,1675888799
0x0947cfc7cd4bb54455571e12438b9b39f3f028f4,WRAB,USDT,0,1675629071
0x09db53d154d7799d941e31612fc425ed9841fbd1,BALD,WETH,0,1673246399
0x09f489c6acb9bf2f0473c7438cf8a796a3e36464,SHIBARIUM,WETH,1323163.707888112981214385961145606,1674996659
0x0a1403dabec87a2327962f3ac717d5b0d81e15bd,paprMEME,WETH,107.0276442437129496178876317613951,1675803443
0x0a1a175789ecf43c72b7a8260d965e91551949fa,CWT,USDT,728.336535,1673337527
0x0a5820bc0cdff89258dd8fb6e7e60fb1363e225e,TITTY,WETH,4736.540803593606871602021113994403,1675459487
0x0aca0a3f15878bb6c5acbf83a8e4d8937bbe0b94,WETH,BN,0,1672620407
0x0b71c658b5e783ed7c4cbf20acf7b96ffd609450,DAI,RARI,313.657742612223778358,1676261915
0x0b95c2e4214cbb6da38049fd21ea5bceff947239,WETH,DCGInu,152.0886815678179535244448610242576,1674093959
0x0c7603d4cfff46b8a6598dd8af7ffad4fc3bfee4,WETH,MAKI,0,1672775171
0x0c983e7b173a6a7a654d30fa3432732c390e44db,ChimpifAI,WETH,32196.39648529539004933334865148767,1675348571
0x0d79dab6a243401429ed98a7d0052b228eaf6df3,Damus,WETH,908.805002632056490846120678373344,1675655675
0x0dbcdf31a66813bbce7bfed43630b005013e550d,UwU,USDT,209478.6413531687133020294096728725,1672654235
0x0e7831d8bf78bdb6531bc1942d61cc466f0c2552,WETH,btcmAI,583.2191884563621876767291980974679,1675243175
0x0f681f10ab1aa1cde04232a199fe3c6f2652a80c,EGGS,WETH,179508.917313342237782526161285622,1675650563
0x102b0e3ffdd6151d3e2bb760cfe67cb8571fb916,WETH,boxFEE,154.6557765099110439618271786249612,1676539883
0x111299de06e6430ca0ad104d77098b570295965a,BLUR,USDC,5581.012375,1676437763
0x11c990d06df093fb7361356b16985051a65ebe2e,USDC,WETH,1.013692205769444712901699316708845,1674476663
0x1254b8fd1189a3738d23d8d10ed280c6ef701124,WAR,WETH,2013.921640424810614042325107643769,1674149567
0x13adf2693e824306e6d8d87aa1ebc38946e96439,WOOF,WETH,46616.14027886099786122623223272128,1675240139
0x1402ef1b49a0c3b1e91e4a085ba2426fddcad49a,SYN,USDC,2574.913846,1675927139
0x149e6f30aa2d07ceb9e102b2a93b54a4c9017e5b,CHOMP,USDT,1921835.525749302907923384028320711,1674639935
0x152c37b951d6c4ffaa22d9bde71910f8032b69c6,CATAI,WETH,17249.4485011637643623847785351488,1675538567
0x15e0e0e40bbb4bcc12fbc196b015928b75d91103,CHOMP,WETH,141603.1298482469900415094684614805,1674766079
0x1638ed24d14e0fac5e66fb6dd52cab007ba894c9,XOLO,USDT,0,1672599107
0x169a61552972fbcd10eb095ecca2ce5325044afa,USDC,FLASH,107821.98256,1675758971
0x16f31bf0e23945547cc43da32711a2ff500f4327,BNBBACK,WETH,525.1611921035077086477288381152823,1673639003
0x16f60256a518e5d1dd9cf2cefc3d4a601c399574,WETH,ZZ,170408.8270409018216264676726739072,1676244491
0x17665f9dab452e4b2f4848f09357bde432725bbe,SDOGE,WETH,129.2445144530506077551014875595297,1673967335
0x17c750aba1673e23b1df33eb436594c3af009871,USDT,ZKS,29368.69465,1676254667
0x180783a221f3771029ea09e0719853d3addd0330,IM,USDC,135171.223464,1675396595
0x184d53c4a59eb7008528751ae51ea9c9056fe697,HEX,Hurry,0,1673848607
0x187a0a3269f33302f070266a00358eef87179526,USDC,FLEX,3600757.573487,1674202307
0x18f807bd8c7c947bcb98e56f67a47fcbcbcf8c50,WETH,( ͡° ͜ʖ ͡°),433645.9858643754989188542601174573,1676223683
0x193b46c8809f2fe811e5322ea31d5e73774da39e,PUSSHI,TSUKA,0,1676267603
0x19cf427e2f28d6224a2b639ca11490205273dafd,BLUR,WETH,0,1676399027
0x19defa1923465f44333d647c8d0407c7bc94e15b,ADT,WETH,1906.045540678399150298852194381678,1674269735
0x1a0249a32f3c8a19648b5d5b3fad61ef4eff140f,CHATGPT,WETH,0,1676118395
0x1a5a35950bb6dd940fec23c6262d3fc75db815dd,RIA,USDT,31252.63784754317285626192521150522,1676194187
0x1a6187731ff7ec4b44e1d93732ec7eeb889272e1,IDRT,USDC,28348.029176,1673343011
0x1ae31ae6ed4a37af286866245ce3a5d14c562de7,NFI,WETH,541.974373624210587205197060691794,1676130731
0x1af7ca94201944f2a9d60ab326eb1f55eb566d36,USDC,THH,0.023098,1675176323
0x1b0f3f9c6e7088210d220696747c6e87e86c570d,LensaAI,WETH,99.27757516385031223220594323823183,1673440955
0x1b316638fc69102ef5ddf4b0b96c81865f14174d,BLUNT,WETH,30.47866635945394914683263791398115,1676389583
0x1c31bf5936ca601c8886433c172b392c85d21718,USDC,LIT,476918.20801,1673817431
0x1ca8c35e0302570f85d0f9f2cb3a759ddfc68120,WETH,BTNTY,247379.1028135859580697871284764755,1674050903
0x1caf31fba10c2b671cfb03342f8bf443386298af,SGT,USDC,3100.393609,1673426519
0x1cc05337fe9bca4fc5d569cfd56df31ceabc2bcb,CHR,WETH,14437.30480887286766194388367941269,1673751851
0x1d1284e43da1de5ee8dd6acbb03f3624cfbd872c,1INCH,WETH,3167644.613826527935515882186501243,1673697083
0x1d2bcc0145aae20fa7a960c5736baf4f5b4872db,HDWY,WETH,103520.1503385793241932993807217846,1673238323
0x1d3919780890fc86e4ddd29d02a187dcb9c1eae2,SOXX,WETH,20416.19261895136854165234250709274,1674425279
0x1dfc106c6c80e1f3e741fe368b89182ac9aa1c8d,1INCH,FRX,134.0650470135784373670955664496004,1673047595
0x1e2b9b572854211930597d6d8c4788ecf4288a50,BLUR,WETH,4795.220361559437805636650977423664,1676398991
0x1e4c6fd00b45b36d5fde9126692a2c1ea88979e3,WETH,ERC20,134.5300869825782395813312325661735,1674393347
0x1f5d6ecf1bc85a658c867710a2ee0620dc8f8db7,BITS,WETH,16.17910164858738941916599147726614,1674701003
0x1faf96df7ccebb724a6edc06badb2cc9ddacb664,DAI,MDT,666314.8237952740521806948486603439,1673799107
0x1fc16940a1b534a3037da496a6a344ddf05a008c,BBB,USDC,0.00001,1676385695
0x1fc736318d8750b9606a0e0dd1835a2e65a32fab,SOLID,WETH,3296.363607515881017681609758090449,1672813115
0x1fee92a8e2948c194c7c274d91de1806d9e9b07b,ANKR,aETH,0,1676441003
0x201fa41cf345761bf46645e5de9b7c5ce3166564,BV3T,WETH,5378.770959745829966347456698425515,1673186579
0x20666fbb965dca58147a71ceaefed1858b52a374,HEX,COM,0,1673829119
0x20f4b0d302c3162521dba81463970efcea03b2e2,ICHI,COC,0,1675709951
0x21202591a02ee22ecc9a4e3a11ab2cf8956f5b07,USDT,DOLZ,478952.3601711918377226378129546594,1673431763
0x215e434e03bdd2ad5c2fefc4ea5f508ed58266e8,fUSDC,WETH,4266.321574241266584645992350059062,1674464243
0x2161b90bcc78b7b4461ebcc45d9c3e667728f3b8,BLOCK,WETH,1660.542615295592527867154410056309,1676092931
0x2197869b74c6f88297213491108e46deb71d10f8,WOOFI,DC,0,1675612799
0x238cdffc9097591d12f5c00136514fbe563f87bf,paprMEME,WETH,216638.3282008414220110854055174634,1675960043
0x238d73c5377da182e154ac5f8a33941e78333aef,ARTAI,WETH,0,1675445135
0x23c0f7f01fa76ca5ff7c0d26b0f7e3d824167529,uP,WETH,12822.54357609192235695963179676566,1675767347
0x24afe6b6a10d701edf71a072f2122f62d95c6dfc,TT0,TT1,0,1672698827
0x252c9c9103440b20d58936ae39111f81fb259e6d,THALES,USDC,357307.564937,1675792823
0x25320cb45d7ba48b0f0ac13dd11c8c23c1796575,USDT,FDT,58.564531,1673862551
0x258338cf09b322ef211fe71cbfa6bdab63611fe0,BAPE,WETH,4217.247735257696992305677306755025,1675721519
0x258a5540bef187377f5215513098510e5233de3c,WETH,BC,17012.90623817969856554989975815535,1673202011
0x26b81867b107e830a5e8c21ad530b0855cb3fdd5,BV3T,WETH,0.1268226487777212439766457503745413,1673065319
0x26b909a86baac825e7fc78a08a7b199b63b7f693,HEX,TEXAN,0,1673114723
0x27262f3b7380ee8faceeac081d33674df96fa36d,WETH,LIT,53181.83186498252557770742942002286,1673960651
0x28216d62044b0b02d191ca359ee0610c17df12a6,WyBTC,WETH,1.200100146158650199847929175739812,1672599035
0x28ac27d39c02c79f38c8ccceee3478dddb153f25,$TRDL,VBTC,0,1675342403
0x000e0bbcfdba9490ee20b0a7900a4dff46317998,FORTH,WAMPL,0,1676380091
0x011e903da81919f1e143e6f651f7fe454571643b,WBTC,DAO9,2376.586501421368584946087589278502,1675813679
0x02966fb90f5bd6ca066adb660336fc543de87d7c,WETH,Blur,0,1676381351
0x02e9b41cfed25f5c14c3823e912ee0c8bf68be3e,DMTR,WETH,27121.76710947047454610318012662558,1676220311
0x04900f0665d07d30fab119b3d01a49e5c337a7db,JEETAI,WETH,16.12106782991933284875342730470407,1675552595
0x04c8f694fb2bc8a0534165a445766f6c12edd0a7,bitAI,WETH,258.493814582995700187351291690579,1675803383
0x058a4690f35776d677e22f1c21f4fa2d15a677d8,IDV,USDT,2053.849488,1675954691
0x06672e95b3e79e1e0b1147a05878cb6e2c5a7a0f,USDC,SHBN,10513.67664,1675479635
0x069648e80a86a3cdfa5ffb235a68b43b21b938b8,WETH,COC,3621.29148332617447000292865038316,1675709699
0x07bbd288da0b23ee299018be6c9c90551ec5b76d,NRG,USDC,1335.071915,1676500655
0x08c83e68298d523be2b1a77ccd05e3eebbbc4a14,wTAO,USDC,0,1675888799
0x0947cfc7cd4bb54455571e12438b9b39f3f028f4,WRAB,USDT,0,1675629071
0x0a1403dabec87a2327962f3ac717d5b0d81e15bd,paprMEME,WETH,107.0276442437129496178876317613951,1675803443
0x0a5820bc0cdff89258dd8fb6e7e60fb1363e225e,TITTY,WETH,4736.540803593606871602021113994403,1675459487
0x0b71c658b5e783ed7c4cbf20acf7b96ffd609450,DAI,RARI,313.657742612223778358,1676261915
0x0c983e7b173a6a7a654d30fa3432732c390e44db,ChimpifAI,WETH,32196.39648529539004933334865148767,1675348571
0x0d79dab6a243401429ed98a7d0052b228eaf6df3,Damus,WETH,908.805002632056490846120678373344,1675655675
0x0f681f10ab1aa1cde04232a199fe3c6f2652a80c,EGGS,WETH,179508.917313342237782526161285622,1675650563
0x102b0e3ffdd6151d3e2bb760cfe67cb8571fb916,WETH,boxFEE,154.6557765099110439618271786249612,1676539883
0x111299de06e6430ca0ad104d77098b570295965a,BLUR,USDC,5581.012375,1676437763
0x1402ef1b49a0c3b1e91e4a085ba2426fddcad49a,SYN,USDC,2574.913846,1675927139
0x152c37b951d6c4ffaa22d9bde71910f8032b69c6,CATAI,WETH,17249.4485011637643623847785351488,1675538567
0x169a61552972fbcd10eb095ecca2ce5325044afa,USDC,FLASH,107821.98256,1675758971
0x16f60256a518e5d1dd9cf2cefc3d4a601c399574,WETH,ZZ,170408.8270409018216264676726739072,1676244491
0x17c750aba1673e23b1df33eb436594c3af009871,USDT,ZKS,29368.69465,1676254667
0x180783a221f3771029ea09e0719853d3addd0330,IM,USDC,135171.223464,1675396595
0x18f807bd8c7c947bcb98e56f67a47fcbcbcf8c50,WETH,( ͡° ͜ʖ ͡°),433645.9858643754989188542601174573,1676223683
0x193b46c8809f2fe811e5322ea31d5e73774da39e,PUSSHI,TSUKA,0,1676267603
0x19cf427e2f28d6224a2b639ca11490205273dafd,BLUR,WETH,0,1676399027
0x1a0249a32f3c8a19648b5d5b3fad61ef4eff140f,CHATGPT,WETH,0,1676118395
0x1a5a35950bb6dd940fec23c6262d3fc75db815dd,RIA,USDT,31252.63784754317285626192521150522,1676194187
0x1ae31ae6ed4a37af286866245ce3a5d14c562de7,NFI,WETH,541.974373624210587205197060691794,1676130731
0x1b316638fc69102ef5ddf4b0b96c81865f14174d,BLUNT,WETH,30.47866635945394914683263791398115,1676389583
0x1e2b9b572854211930597d6d8c4788ecf4288a50,BLUR,WETH,4795.220361559437805636650977423664,1676398991
0x1fc16940a1b534a3037da496a6a344ddf05a008c,BBB,USDC,0.00001,1676385695
0x1fee92a8e2948c194c7c274d91de1806d9e9b07b,ANKR,aETH,0,1676441003
0x20f4b0d302c3162521dba81463970efcea03b2e2,ICHI,COC,0,1675709951
0x2161b90bcc78b7b4461ebcc45d9c3e667728f3b8,BLOCK,WETH,1660.542615295592527867154410056309,1676092931
0x2197869b74c6f88297213491108e46deb71d10f8,WOOFI,DC,0,1675612799
0x238cdffc9097591d12f5c00136514fbe563f87bf,paprMEME,WETH,216638.3282008414220110854055174634,1675960043
0x238d73c5377da182e154ac5f8a33941e78333aef,ARTAI,WETH,0,1675445135
0x23c0f7f01fa76ca5ff7c0d26b0f7e3d824167529,uP,WETH,12822.54357609192235695963179676566,1675767347
0x252c9c9103440b20d58936ae39111f81fb259e6d,THALES,USDC,357307.564937,1675792823
0x258338cf09b322ef211fe71cbfa6bdab63611fe0,BAPE,WETH,4217.247735257696992305677306755025,1675721519
0x28cfde78dbcf017e0bc2c532621d96a5408cdc11,imgnAI,WETH,154513.6948456776107100769434451165,1675485299
0x2982d3295a0e1a99e6e88ece0e93ffdfc5c761ae,wTAO,WETH,4251.900025071172964847792242784556,1675923923
0x2ad6a6be8f6cc91a43d8fd0c51a121b1c61c91da,TSUKA,Dejitaru Shirudo,0,1675919903
0x300268fa8c6e3875bed76cd69e762a569148b0e2,LIKE,USDT,45,1676033267
0x30fbe0d81370d6e3823bd937600182839dab30a3,DNAR1B,DAI,0,1675926923
0x3251091015122b8f964b36367761e60a3e54c520,SKY,WETH,8.91886777322552586661295901281994,1676185727
0x3535800b7870dc77a38c8de9908c7316d9c630cb,SRB,WETH,10.01072051891341936279948705538812,1676116811
0x3695e083a6c01235f36d41f97553c73967bcf708,MOCK,MOCK,0,1675999331
0x38382b165616dc2ac62e40e7278c1aaa6205d954,WETH,LATI,52.97891595467193087196787846460183,1676238611
0x38fee5f2ce469ebdfaa62863928e333ef4da485f,BLUR,USDC,28676856.087015,1676398547
0x390a4d096ba2cc450e73b3113f562be949127ceb,STBU,USDT,23087.11580874065986255794183103191,1675770203
0x3b01fa78ef22cde5ca097b5abc37647b0dc8d57d,USDC,AAA,0,1676384651
0x3c7c6f5bd11d828f3bf5989b6130cdf41fc48625,DAI,DPC,0,1675896503
0x3d2da0c3c4b4048ca28e6b36d8eaf140d3bb63b0,CHIHUA,WETH,163.3015566393029607760710465618473,1675679243
0x3e944624c54ddc2d05637bf98849b2f282f0867d,USDANT,USDT,1284.583768884379733084019781115471,1676459231
0x3f368063136b5a46d19b6aec43cc97c97043c749,WETH,CAI,552815.7532055763411184061092011945,1675937171
0x3f470cd9e38ee10b77e4676a318e9de68247d3d5,SDAO,NTX,0,1675791119
0x3f483692f75b6a2a2f65b8299df86a0e802d3880,wstETH,fstETH-B8C6,0,1676481071
0x4147926c1fb5ff0f65a70258ab7125ca69ef137e,WETH,BCI,16.22294755327533196808732069358046,1675921199
0x420d08e4ea86b1fef6b1cb7d1cc6394b8f502660,NSFW,USDC,28177.575471,1675609103
0x43618d01979b0db3df71d1e7e504654943fa7530,WETH,MEZZ,153727.7006360463613075611597182689,1675761431
0x4466340fd5f3a4dab9aa69fcb02708fa63793eca,BLUR,WETH,2029.635744204843120735425672730779,1676399435
0x46aa27d0ad7e100cb726730f1585edc8fcd7df26,PEKIN,WETH,1510.374968611262128511557430663138,1676062031
0x46bfe851ebeebc04f4f95a450376305edd4b0c74,BOOBS,WETH,12687.08552497444921334789071740964,1675451243
0x4aaab7c2bc36b952d003ab8d1c22028b65096686,XMON,wSUDO,0,1675602803
0x4ac5ad40f9daee8677be8d2be65623d460794ad4,USDC,SBSY,5703.00363,1675519787
0x4ad0bd642e5795a2e841fba86e83a25b3367c595,CFT,USDT,1479.543188,1675688939
0x4b3e4ef205f66425d34b09c75ecc85e6540e29d4,AIdoge,WETH,2193.848556702535664481890798628071,1675918595
0x4d1fb02fa84eda35881902e8e0fdacc3a873398b,USDC,GRT,0,1676531411
0x4dcd1f5854cfe2a956f0c1e1faaac4f007850344,EEX,USDC,4151,1675539335
0x4e6c797874c99b0e599e1ea05e49faf8d4dac16d,VCP,USDT,85.332773,1675570379
0x4f50e37f3225ab8ce94806befb7ee7ea09576388,UNI,ENS,0,1676261579
0x5067ef634f3f9bf9187a38953466643d49bdc471,USDC,DAO9,1346.558842,1675696415
0x50a0c98a526288ed9551e23995acc88bb775c324,WETH,VB,163.2838629285332807811760477816568,1675751351
0x516d6f5eae7fd222a2779c4936bbd7ed0e674311,CAT,USDT,297.3694,1675930547
0x51e6445142bb5d775874fe4ba297ddbb0fba8f76,KING,USDC,898.02276,1676188847
0x5258a819cc6e394352f1fa2feee8bf707f7e736c,WETH,NBC,3368.349520956375050261572901113728,1675661675
0x53b582b314e8f70184b65d9de88f4a77a2c9f44c,ERECT,WETH,0,1675444991
0x56ef92d3a30a64c625d985b1841e2fdf80448fd3,MOCK,MOCK,0,1675999331
0x57bed2b97f0b0d8f881ba8191f56502d2cf4e139,ERECT,WETH,16.69216100710539743133543815025903,1675446083
0x5807004fa84e847d21bd7285be68542079aa82e2,MEME,WETH,153.3396641100191011640130364657041,1676444711
0x5ebd677545bc10fa0acbd9b8b462391c87f576e4,WETH,wPE,1084.872668075197389588171715814055,1676433743
0x609b29df05b72f6d3da9527eb22256db6c746f52,TestX,TestUSD,0,1676033183
0x61a6834c7928cbb03e6ac4d31b8bd1bbf2481894,FIND,WETH,105608.4552318353009429606087808424,1675999427
0x62319c6dccac49d45f3e2e996ca73252c2addbe2,LEAP,WETH,1656.65545138650209627762283329588,1675602839
0x6358b81c3a8ae38a9c452d91af5770da3243cfc2,WETH,BRAIN,0,1675554467
0x637ad66120f31daa848a34b8de34ffd01044b841,UNBNK,wNXM,0,1675944023
0x637dcc36af8bfcfefe86c411e4e2c38b15a1ae2e,HYPE,WETH,320.5942309566138783236287672847721,1676266463
0x63bdfe1166c2d518879dfe42af6c3fa2c6a70619,DRGN,USDC,1972.321333,1676182535
0x63cae64ee9e3273c5df4ba33e64194a6d88506ea,AI,WETH,7984.287476100561839993960438131405,1675360823
0x650a86a1ae925e1409d70e03a7a1c3020e01fb81,LOVE,USDT,0,1676033987
0x663df37208dbdbba5f27bc96ae2e468d3c316030,TOLS,FEATH,0,1676546363
0x66def6a1908d40611a0a2074ccc8d43ad64a535a,USDT,DAO9,1616.230558,1675697447
0x67801d205b207abfc40fa353158dae24998af176,NMN,WETH,15.2502712440971888842494502910316,1676079815
0x6b879b683086f8709a8c8b7cb380724b74eb4689,ETHPAD,USDC,3912.247838,1675454279
0x6c31bd3c42052824d0d12c668d3f4e26ff906164,AIC,WETH,0,1675428119
0x000e0bbcfdba9490ee20b0a7900a4dff46317998,FORTH,WAMPL,0,1676380091
0x011e903da81919f1e143e6f651f7fe454571643b,WBTC,DAO9,2376.586501421368584946087589278502,1675813679
0x02966fb90f5bd6ca066adb660336fc543de87d7c,WETH,Blur,0,1676381351
0x02e9b41cfed25f5c14c3823e912ee0c8bf68be3e,DMTR,WETH,27121.76710947047454610318012662558,1676220311
0x04900f0665d07d30fab119b3d01a49e5c337a7db,JEETAI,WETH,16.12106782991933284875342730470407,1675552595
0x04c8f694fb2bc8a0534165a445766f6c12edd0a7,bitAI,WETH,258.493814582995700187351291690579,1675803383
0x058a4690f35776d677e22f1c21f4fa2d15a677d8,IDV,USDT,2053.849488,1675954691
0x06672e95b3e79e1e0b1147a05878cb6e2c5a7a0f,USDC,SHBN,10513.67664,1675479635
0x069648e80a86a3cdfa5ffb235a68b43b21b938b8,WETH,COC,3621.29148332617447000292865038316,1675709699
0x07bbd288da0b23ee299018be6c9c90551ec5b76d,NRG,USDC,1335.071915,1676500655
0x08c83e68298d523be2b1a77ccd05e3eebbbc4a14,wTAO,USDC,0,1675888799
0x0947cfc7cd4bb54455571e12438b9b39f3f028f4,WRAB,USDT,0,1675629071
0x0a1403dabec87a2327962f3ac717d5b0d81e15bd,paprMEME,WETH,107.0276442437129496178876317613951,1675803443
0x0a5820bc0cdff89258dd8fb6e7e60fb1363e225e,TITTY,WETH,4736.540803593606871602021113994403,1675459487
0x0b71c658b5e783ed7c4cbf20acf7b96ffd609450,DAI,RARI,313.657742612223778358,1676261915
0x0d79dab6a243401429ed98a7d0052b228eaf6df3,Damus,WETH,908.805002632056490846120678373344,1675655675
0x0f681f10ab1aa1cde04232a199fe3c6f2652a80c,EGGS,WETH,179508.917313342237782526161285622,1675650563
0x102b0e3ffdd6151d3e2bb760cfe67cb8571fb916,WETH,boxFEE,154.6557765099110439618271786249612,1676539883
0x111299de06e6430ca0ad104d77098b570295965a,BLUR,USDC,5581.012375,1676437763
0x1402ef1b49a0c3b1e91e4a085ba2426fddcad49a,SYN,USDC,2574.913846,1675927139
0x152c37b951d6c4ffaa22d9bde71910f8032b69c6,CATAI,WETH,17249.4485011637643623847785351488,1675538567
0x169a61552972fbcd10eb095ecca2ce5325044afa,USDC,FLASH,107821.98256,1675758971
0x16f60256a518e5d1dd9cf2cefc3d4a601c399574,WETH,ZZ,170408.8270409018216264676726739072,1676244491
0x17c750aba1673e23b1df33eb436594c3af009871,USDT,ZKS,29368.69465,1676254667
0x18f807bd8c7c947bcb98e56f67a47fcbcbcf8c50,WETH,( ͡° ͜ʖ ͡°),433645.9858643754989188542601174573,1676223683
0x193b46c8809f2fe811e5322ea31d5e73774da39e,PUSSHI,TSUKA,0,1676267603
0x19cf427e2f28d6224a2b639ca11490205273dafd,BLUR,WETH,0,1676399027
0x1a0249a32f3c8a19648b5d5b3fad61ef4eff140f,CHATGPT,WETH,0,1676118395
0x1a5a35950bb6dd940fec23c6262d3fc75db815dd,RIA,USDT,31252.63784754317285626192521150522,1676194187
0x1ae31ae6ed4a37af286866245ce3a5d14c562de7,NFI,WETH,541.974373624210587205197060691794,1676130731
0x1b316638fc69102ef5ddf4b0b96c81865f14174d,BLUNT,WETH,30.47866635945394914683263791398115,1676389583
0x1e2b9b572854211930597d6d8c4788ecf4288a50,BLUR,WETH,4795.220361559437805636650977423664,1676398991
0x1fc16940a1b534a3037da496a6a344ddf05a008c,BBB,USDC,0.00001,1676385695
0x1fee92a8e2948c194c7c274d91de1806d9e9b07b,ANKR,aETH,0,1676441003
0x20f4b0d302c3162521dba81463970efcea03b2e2,ICHI,COC,0,1675709951
0x2161b90bcc78b7b4461ebcc45d9c3e667728f3b8,BLOCK,WETH,1660.542615295592527867154410056309,1676092931
0x2197869b74c6f88297213491108e46deb71d10f8,WOOFI,DC,0,1675612799
0x238cdffc9097591d12f5c00136514fbe563f87bf,paprMEME,WETH,216638.3282008414220110854055174634,1675960043
0x238d73c5377da182e154ac5f8a33941e78333aef,ARTAI,WETH,0,1675445135
0x23c0f7f01fa76ca5ff7c0d26b0f7e3d824167529,uP,WETH,12822.54357609192235695963179676566,1675767347
0x252c9c9103440b20d58936ae39111f81fb259e6d,THALES,USDC,357307.564937,1675792823
0x258338cf09b322ef211fe71cbfa6bdab63611fe0,BAPE,WETH,4217.247735257696992305677306755025,1675721519
0x28cfde78dbcf017e0bc2c532621d96a5408cdc11,imgnAI,WETH,154513.6948456776107100769434451165,1675485299
0x2982d3295a0e1a99e6e88ece0e93ffdfc5c761ae,wTAO,WETH,4251.900025071172964847792242784556,1675923923
0x2ad6a6be8f6cc91a43d8fd0c51a121b1c61c91da,TSUKA,Dejitaru Shirudo,0,1675919903
0x300268fa8c6e3875bed76cd69e762a569148b0e2,LIKE,USDT,45,1676033267
0x30fbe0d81370d6e3823bd937600182839dab30a3,DNAR1B,DAI,0,1675926923
0x3251091015122b8f964b36367761e60a3e54c520,SKY,WETH,8.91886777322552586661295901281994,1676185727
0x3535800b7870dc77a38c8de9908c7316d9c630cb,SRB,WETH,10.01072051891341936279948705538812,1676116811
0x3695e083a6c01235f36d41f97553c73967bcf708,MOCK,MOCK,0,1675999331
0x38382b165616dc2ac62e40e7278c1aaa6205d954,WETH,LATI,52.97891595467193087196787846460183,1676238611
0x38fee5f2ce469ebdfaa62863928e333ef4da485f,BLUR,USDC,28676856.087015,1676398547
0x390a4d096ba2cc450e73b3113f562be949127ceb,STBU,USDT,23087.11580874065986255794183103191,1675770203
0x3b01fa78ef22cde5ca097b5abc37647b0dc8d57d,USDC,AAA,0,1676384651
0x3c7c6f5bd11d828f3bf5989b6130cdf41fc48625,DAI,DPC,0,1675896503
0x3d2da0c3c4b4048ca28e6b36d8eaf140d3bb63b0,CHIHUA,WETH,163.3015566393029607760710465618473,1675679243
0x3e944624c54ddc2d05637bf98849b2f282f0867d,USDANT,USDT,1284.583768884379733084019781115471,1676459231
0x3f368063136b5a46d19b6aec43cc97c97043c749,WETH,CAI,552815.7532055763411184061092011945,1675937171
0x3f470cd9e38ee10b77e4676a318e9de68247d3d5,SDAO,NTX,0,1675791119
0x3f483692f75b6a2a2f65b8299df86a0e802d3880,wstETH,fstETH-B8C6,0,1676481071
0x4147926c1fb5ff0f65a70258ab7125ca69ef137e,WETH,BCI,16.22294755327533196808732069358046,1675921199
0x420d08e4ea86b1fef6b1cb7d1cc6394b8f502660,NSFW,USDC,28177.575471,1675609103
0x43618d01979b0db3df71d1e7e504654943fa7530,WETH,MEZZ,153727.7006360463613075611597182689,1675761431
0x4466340fd5f3a4dab9aa69fcb02708fa63793eca,BLUR,WETH,2029.635744204843120735425672730779,1676399435
0x46aa27d0ad7e100cb726730f1585edc8fcd7df26,PEKIN,WETH,1510.374968611262128511557430663138,1676062031
0x46bfe851ebeebc04f4f95a450376305edd4b0c74,BOOBS,WETH,12687.08552497444921334789071740964,1675451243
0x4aaab7c2bc36b952d003ab8d1c22028b65096686,XMON,wSUDO,0,1675602803
0x4ac5ad40f9daee8677be8d2be65623d460794ad4,USDC,SBSY,5703.00363,1675519787
0x4ad0bd642e5795a2e841fba86e83a25b3367c595,CFT,USDT,1479.543188,1675688939
0x4b3e4ef205f66425d34b09c75ecc85e6540e29d4,AIdoge,WETH,2193.848556702535664481890798628071,1675918595
0x4d1fb02fa84eda35881902e8e0fdacc3a873398b,USDC,GRT,0,1676531411
0x4dcd1f5854cfe2a956f0c1e1faaac4f007850344,EEX,USDC,4151,1675539335
0x4e6c797874c99b0e599e1ea05e49faf8d4dac16d,VCP,USDT,85.332773,1675570379
0x4f50e37f3225ab8ce94806befb7ee7ea09576388,UNI,ENS,0,1676261579
0x5067ef634f3f9bf9187a38953466643d49bdc471,USDC,DAO9,1346.558842,1675696415
0x50a0c98a526288ed9551e23995acc88bb775c324,WETH,VB,163.2838629285332807811760477816568,1675751351
0x516d6f5eae7fd222a2779c4936bbd7ed0e674311,CAT,USDT,297.3694,1675930547
0x51e6445142bb5d775874fe4ba297ddbb0fba8f76,KING,USDC,898.02276,1676188847
0x5258a819cc6e394352f1fa2feee8bf707f7e736c,WETH,NBC,3368.349520956375050261572901113728,1675661675
0x53b582b314e8f70184b65d9de88f4a77a2c9f44c,ERECT,WETH,0,1675444991
0x56ef92d3a30a64c625d985b1841e2fdf80448fd3,MOCK,MOCK,0,1675999331
0x57bed2b97f0b0d8f881ba8191f56502d2cf4e139,ERECT,WETH,16.69216100710539743133543815025903,1675446083
0x5807004fa84e847d21bd7285be68542079aa82e2,MEME,WETH,153.3396641100191011640130364657041,1676444711
0x5ebd677545bc10fa0acbd9b8b462391c87f576e4,WETH,wPE,1084.872668075197389588171715814055,1676433743
0x609b29df05b72f6d3da9527eb22256db6c746f52,TestX,TestUSD,0,1676033183
0x61a6834c7928cbb03e6ac4d31b8bd1bbf2481894,FIND,WETH,105608.4552318353009429606087808424,1675999427
0x62319c6dccac49d45f3e2e996ca73252c2addbe2,LEAP,WETH,1656.65545138650209627762283329588,1675602839
0x6358b81c3a8ae38a9c452d91af5770da3243cfc2,WETH,BRAIN,0,1675554467
0x637ad66120f31daa848a34b8de34ffd01044b841,UNBNK,wNXM,0,1675944023
0x637dcc36af8bfcfefe86c411e4e2c38b15a1ae2e,HYPE,WETH,320.5942309566138783236287672847721,1676266463
0x63bdfe1166c2d518879dfe42af6c3fa2c6a70619,DRGN,USDC,1972.321333,1676182535
0x650a86a1ae925e1409d70e03a7a1c3020e01fb81,LOVE,USDT,0,1676033987
0x663df37208dbdbba5f27bc96ae2e468d3c316030,TOLS,FEATH,0,1676546363
0x66def6a1908d40611a0a2074ccc8d43ad64a535a,USDT,DAO9,1616.230558,1675697447
0x67801d205b207abfc40fa353158dae24998af176,NMN,WETH,15.2502712440971888842494502910316,1676079815
0x6b879b683086f8709a8c8b7cb380724b74eb4689,ETHPAD,USDC,3912.247838,1675454279
0x6c63b2c046013e863fad3dc1e7538f1d3a1b460d,LEAP,WETH,275.9128044250609976000178755174218,1675620695
0x6d2bbff81d1f72136421050458c4a79b35cf97b0,DDA,WETH,332.5835080075082346809827403564132,1675967183
0x6e594e23672c69b947608b39363add3c8d983242,FAI,WETH,1625.84935080078736263738821913547,1675922195
0x6f41040b9e098c2ac4b88e27b50d4e9ab486781b,BLUR,WETH,138551911.0601329261954758987613357,1676397779
0x07bbd288da0b23ee299018be6c9c90551ec5b76d,NRG,USDC,1335.071915,1676500655
0x102b0e3ffdd6151d3e2bb760cfe67cb8571fb916,WETH,boxFEE,154.6557765099110439618271786249612,1676539883
0x111299de06e6430ca0ad104d77098b570295965a,BLUR,USDC,5581.012375,1676437763
0x19cf427e2f28d6224a2b639ca11490205273dafd,BLUR,WETH,0,1676399027
0x1e2b9b572854211930597d6d8c4788ecf4288a50,BLUR,WETH,4795.220361559437805636650977423664,1676398991
0x1fee92a8e2948c194c7c274d91de1806d9e9b07b,ANKR,aETH,0,1676441003
0x38fee5f2ce469ebdfaa62863928e333ef4da485f,BLUR,USDC,28676856.087015,1676398547
0x3e944624c54ddc2d05637bf98849b2f282f0867d,USDANT,USDT,1284.583768884379733084019781115471,1676459231
0x3f483692f75b6a2a2f65b8299df86a0e802d3880,wstETH,fstETH-B8C6,0,1676481071
0x4466340fd5f3a4dab9aa69fcb02708fa63793eca,BLUR,WETH,2029.635744204843120735425672730779,1676399435
0x4d1fb02fa84eda35881902e8e0fdacc3a873398b,USDC,GRT,0,1676531411
0x5807004fa84e847d21bd7285be68542079aa82e2,MEME,WETH,153.3396641100191011640130364657041,1676444711
0x5ebd677545bc10fa0acbd9b8b462391c87f576e4,WETH,wPE,1084.872668075197389588171715814055,1676433743
0x663df37208dbdbba5f27bc96ae2e468d3c316030,TOLS,FEATH,0,1676546363
0x824a30f2984f9013f2c8d0a29c0a3cc5fd5c0673,BLUR,WETH,163025836.8914807451512223552791758,1676404067
0x92ab871abb9d567aa276b2ce58d0203d84e0181e,BLUR,USDC,49949125.083849,1676406647
0xaf852a6eed8287c6589f6b63ac4091264290f053,BLUR,USDT,324676.6195420843430072580635109243,1676426351
0xe1d4f2b999aacc3c28b16930f54a7c58cd13f6ac,AVATAI,WETH,20.36338879244961744785786061965182,1676545583
0xfd3154f0800f63ac1d708d8ee0fbe80fda1d1283,FLUT,DAI,64520.40382887386135121770244731111,1676458955
0x07bbd288da0b23ee299018be6c9c90551ec5b76d,NRG,USDC,1335.071915,1676500655
0x102b0e3ffdd6151d3e2bb760cfe67cb8571fb916,WETH,boxFEE,154.6557765099110439618271786249612,1676539883
0x3e944624c54ddc2d05637bf98849b2f282f0867d,USDANT,USDT,1284.583768884379733084019781115471,1676459231
0x3f483692f75b6a2a2f65b8299df86a0e802d3880,wstETH,fstETH-B8C6,0,1676481071
0x4d1fb02fa84eda35881902e8e0fdacc3a873398b,USDC,GRT,0,1676531411
0x663df37208dbdbba5f27bc96ae2e468d3c316030,TOLS,FEATH,0,1676546363
0xe1d4f2b999aacc3c28b16930f54a7c58cd13f6ac,AVATAI,WETH,20.36338879244961744785786061965182,1676545583
0x663df37208dbdbba5f27bc96ae2e468d3c316030,TOLS,FEATH,0,1676546363
