id,periodStartUnix,token0Price,token1Price,liquidity,feesUSD,token1PriceRatio
0x6f483af1e32cc556d92de33c0b15c0f8b03a6d12-450086,1620309600,0,0,0,0,0
0x6f483af1e32cc556d92de33c0b15c0f8b03a6d12-450102,1620367200,0,0,0,0,0
0x6f483af1e32cc556d92de33c0b15c0f8b03a6d12-450130,1620468000,0,0,0,0,0
0x6f483af1e32cc556d92de33c0b15c0f8b03a6d12-450163,1620586800,0.0004200909390066850169304325704988761,2380.436965302140779059097153059811,485531170556760085123,0,5666480.145776865
0x6f483af1e32cc556d92de33c0b15c0f8b03a6d12-450164,1620590400,0.000434462415539165503984837519525991,2301.695070122476342396612392078861,58854004301584170694386,0,5297800.195826111
0x6f483af1e32cc556d92de33c0b15c0f8b03a6d12-450166,1620597600,0.0004338478982825006918112986387341455,2304.955271095605357344366079431729,58854004301584170694386,0,5312818.801751416
0x6f483af1e32cc556d92de33c0b15c0f8b03a6d12-450171,1620615600,0.0004295644332045275940872734361989302,2327.939472409421150859816254996223,58854004301584170694386,0,5419302.187201855
0x6f483af1e32cc556d92de33c0b15c0f8b03a6d12-450172,1620619200,0.0004292147720577791399646777428340054,2329.835935528761538958281186751039,58854004301584170694386,0,5428135.48648118
0x6f483af1e32cc556d92de33c0b15c0f8b03a6d12-450173,1620622800,0.0004286008053950120495169926373435525,2333.173403811895294694384341281784,58854004301584170694386,0,5443698.132255185
0x6f483af1e32cc556d92de33c0b15c0f8b03a6d12-450174,1620626400,0.0004216898585230214290874676913192892,2371.411073300466219627564672645207,58854004301584170694386,0,5623590.47857207
0x6f483af1e32cc556d92de33c0b15c0f8b03a6d12-450175,1620630000,0.0004206486379706457054657976691570381,2377.280964998116565010980626701095,58854004301584170694386,0,5651464.7865423765
0x6f483af1e32cc556d92de33c0b15c0f8b03a6d12-450176,1620633600,0.0004231129881079916217673669049092421,2363.434893529595061511453528416561,58854004301584170694386,0,5585824.495953249
0x6f483af1e32cc556d92de33c0b15c0f8b03a6d12-450177,1620637200,0.0004188357617548330347775328757333674,2387.570717004231044964964593563031,58854004301584170694386,0,5700493.928696098
0x6f483af1e32cc556d92de33c0b15c0f8b03a6d12-450178,1620640800,0.0004217658141420200611652184462307636,2370.984006928718756504595808437476,58854004301584170694386,0,5621565.161111763
0x6f483af1e32cc556d92de33c0b15c0f8b03a6d12-450179,1620644400,0.0004247266422973181780225629301828624,2354.455549553158395398569830124932,58854004301584170694386,0,5543460.934821665
0x6f483af1e32cc556d92de33c0b15c0f8b03a6d12-450180,1620648000,0.0004244930072073920110277533999895794,2355.751409378190245964623756942888,58854004301584170694386,0,5549564.702787329
0x6f483af1e32cc556d92de33c0b15c0f8b03a6d12-450181,1620651600,0.0004242805710288180722031106932903739,2356.930927982742330993159340138373,58854004301584170694386,0,5555123.39928159
0x6f483af1e32cc556d92de33c0b15c0f8b03a6d12-450182,1620655200,0.0004174702695830374788056383720373563,2395.380157247565795726942285618871,58854004301584170694386,0,5737846.097735373
0x6f483af1e32cc556d92de33c0b15c0f8b03a6d12-450184,1620662400,0.0004000663164122561206081779247971203,2499.585591128673129964768183650456,58368473131027410609263,0,6247928.127378078
0x6f483af1e32cc556d92de33c0b15c0f8b03a6d12-450185,1620666000,0.0004082785540677405986630891056354129,2449.308174619630885488215514606045,130186475698409042654604,0,5999110.534258548
0x6f483af1e32cc556d92de33c0b15c0f8b03a6d12-450186,1620669600,0.0004055216133243567745386022916939077,2465.959808657964749025284826020331,130186475698409042654604,0,6080957.777916426
0x6f483af1e32cc556d92de33c0b15c0f8b03a6d12-450187,1620673200,0.000401494858625192709474588568380273,2490.691919254511524864432428330057,130186475698409042654604,0,6203546.236639722
0x6f483af1e32cc556d92de33c0b15c0f8b03a6d12-450188,1620676800,0.0004131718961143999021956357221154127,2420.300144817008318854415194354257,130186475698409042654604,0,5857852.791001231
0x6f483af1e32cc556d92de33c0b15c0f8b03a6d12-450190,1620684000,0.0004110168043196417328902753870924183,2432.990548051448244717445313966915,130186475698409042654604,0,5919443.006907686
0x6f483af1e32cc556d92de33c0b15c0f8b03a6d12-450191,1620687600,0.0004118319381504348805655854541487634,2428.174960133174008180057046670182,130186475698409042654604,0,5896033.637017741
0x6f483af1e32cc556d92de33c0b15c0f8b03a6d12-450193,1620694800,0.0004110710493822167854992865007621391,2432.669489867657616045334278472983,130186475698409042654604,0,5917880.84693297
0x6f483af1e32cc556d92de33c0b15c0f8b03a6d12-450195,1620702000,0.0004160960823644095380410547947654826,2403.2910723831756977097798370674,130186475698409042654604,0,5775807.978596674
0x6f483af1e32cc556d92de33c0b15c0f8b03a6d12-450196,1620705600,0.0004127517557982248895087435020086267,2422.763770116712543821407343778465,130186475698409042654604,0,5869784.285790147
0x6f483af1e32cc556d92de33c0b15c0f8b03a6d12-450197,1620709200,0.0004171579319424306098661707990325916,2397.173644388485042044780872830877,130672006868965802739727,0,5746441.481350771
0x6f483af1e32cc556d92de33c0b15c0f8b03a6d12-450198,1620712800,0.0004159728154883463713569110544853707,2404.003249169092303635394234857456,130186475698409042654604,0,5779231.622015553
0x6f483af1e32cc556d92de33c0b15c0f8b03a6d12-450199,1620716400,0.000415228275417096179143423881904986,2408.313834108482861903135589405366,130186475698409042654604,0,5799975.523558301
0x6f483af1e32cc556d92de33c0b15c0f8b03a6d12-450200,1620720000,0.0004156223591347756054914766057345616,2406.030325417901316663639490544224,130186475698409042654604,0,5788981.926830572
0x6f483af1e32cc556d92de33c0b15c0f8b03a6d12-450202,1620727200,0.0004093972622761177932012590386205156,2442.615259418980835610742678907805,130186475698409042654604,0,5966369.305546455
0x6f483af1e32cc556d92de33c0b15c0f8b03a6d12-450203,1620730800,0.0004095992216938467293827138430953326,2441.410889074994211319488048658556,130186475698409042654604,0,5960487.129293954
0x6f483af1e32cc556d92de33c0b15c0f8b03a6d12-450204,1620734400,0.0004113276386197451748213741065949369,2431.151972562819364320777802118286,130186475698409042654604,0,5910499.913696088
0x6f483af1e32cc556d92de33c0b15c0f8b03a6d12-450205,1620738000,0.0004101352260873275573536550464390992,2438.220217121940616113872820035922,130186475698409042654604,0,5944917.827182163
0x6f483af1e32cc556d92de33c0b15c0f8b03a6d12-450207,1620745200,0.0004111107482335742789805040977201373,2432.434579481842802441844407074572,130186475698409042654604,0,5916737.983459009
0x6f483af1e32cc556d92de33c0b15c0f8b03a6d12-450209,1620752400,0.0004111816455418447358798190332398546,2432.015171013349542892554697774478,130186475698409042654604,0,5914697.792039092
0x6f483af1e32cc556d92de33c0b15c0f8b03a6d12-450210,1620756000,0.0004096352712589981713083744086225234,2441.196035015585098690657229354367,130186475698409042654604,0,5959438.081375814
0x6f483af1e32cc556d92de33c0b15c0f8b03a6d12-450211,1620759600,0.0004099616496338020977153868250609629,2439.252551777097120189565902818199,130186475698409042654604,0,5949953.011351081
0x6f483af1e32cc556d92de33c0b15c0f8b03a6d12-450212,1620763200,0.0004086930253107277528278392764926862,2446.824237432737696313349017879148,130186475698409042654604,0,5986948.8488882985
0x6f483af1e32cc556d92de33c0b15c0f8b03a6d12-450213,1620766800,0.0004056356741421592656321619445557318,2465.266404674110439122492690864305,130186475698409042654604,0,6077538.446014816
0x6f483af1e32cc556d92de33c0b15c0f8b03a6d12-450214,1620770400,0.0004075808920157285039032524639150709,2453.5006905117870560346404606026,130186475698409042654604,0,6019665.638341816
0x6f483af1e32cc556d92de33c0b15c0f8b03a6d12-450215,1620774000,0.0004129291284398854424235275773933876,2421.723078190597569864003198419381,130186475698409042654604,0,5864742.667440943
0x6f483af1e32cc556d92de33c0b15c0f8b03a6d12-450216,1620777600,0.0004034987483278290970017662590662932,2478.322433822108896459025499554301,130186475698409042654604,0,6142082.085985942
0x6f483af1e32cc556d92de33c0b15c0f8b03a6d12-450217,1620781200,0.0004003117345146881389065094721509778,2498.053176513386089479033645026033,130186475698409042654604,0,6240269.672688618
0x6f483af1e32cc556d92de33c0b15c0f8b03a6d12-450219,1620788400,0.0003999089516305030379788729493267321,2500.569181867058369884986238983948,130186475698409042654604,0,6252846.23330329
0x6f483af1e32cc556d92de33c0b15c0f8b03a6d12-450220,1620792000,0.000396800478587888799199317930393821,2520.158250712659656111303610566752,130186475698409042654604,0,6351197.608635092
0x6f483af1e32cc556d92de33c0b15c0f8b03a6d12-450224,1620806400,0.0003969820772465006385572517624475726,2519.00540935268359247712869280369,130186475698409042654604,0,6345388.252348081
0x6f483af1e32cc556d92de33c0b15c0f8b03a6d12-450225,1620810000,0.0003966156658352547615408488817962613,2521.332579977759973614513691499777,130186475698409042654604,0,6357117.978857307
0x6f483af1e32cc556d92de33c0b15c0f8b03a6d12-450235,1620846000,0.0004091293747031737019543787050092341,2444.214622148573853738412743603536,130186475698409042654604,0,5974185.119124895
0x6f483af1e32cc556d92de33c0b15c0f8b03a6d12-450236,1620849600,0.0004061930998379496692229721390865884,2461.883277679874422983692193878129,130186475698409042654604,0,6060869.272919802
0x6f483af1e32cc556d92de33c0b15c0f8b03a6d12-450237,1620853200,0.0004056757164707014726708071525194175,2465.023069903720859714473485118601,130186475698409042654604,0,6076338.735157564
0x6f483af1e32cc556d92de33c0b15c0f8b03a6d12-450238,1620856800,0.0004050556566400942421791832217359397,2468.796531061740205290304678149275,130186475698409042654604,0,6094956.311782482
0x6f483af1e32cc556d92de33c0b15c0f8b03a6d12-450240,1620864000,0.0004106213943019808608520628734905784,2435.333409015156966428821689329155,130186475698409042654604,0,5930848.813065386
0x6f483af1e32cc556d92de33c0b15c0f8b03a6d12-450241,1620867600,0.000402446744616015981039615535285072,2484.800817445110170287554445557553,130186475698409042654604,0,6174235.102375888
0x6f483af1e32cc556d92de33c0b15c0f8b03a6d12-450242,1620871200,0.0004024033766668724619496642983131509,2485.068610216570791868915023874703,130186475698409042654604,0,6175565.997483719
0x6f483af1e32cc556d92de33c0b15c0f8b03a6d12-450243,1620874800,0.0004075128720442119835719175844418113,2453.910216341602485204797028752986,130186475698409042654604,0,6021675.34986569
0x6f483af1e32cc556d92de33c0b15c0f8b03a6d12-450245,1620882000,0.0004066889047905818447770447092735377,2458.881932161229031178660952869921,130186475698409042654604,0,6046100.356308939
0x6f483af1e32cc556d92de33c0b15c0f8b03a6d12-450246,1620885600,0.0004080262884092707724196869988280565,2450.822479842156617642899988167164,130186475698409042654604,0,6006530.8276996575
0x6f483af1e32cc556d92de33c0b15c0f8b03a6d12-450248,1620892800,0.0004077290467747506283783661209271181,2452.609172464596751997180843200769,130186475698409042654604,0,6015291.752857474
0x6f483af1e32cc556d92de33c0b15c0f8b03a6d12-450249,1620896400,0.0004163788986920363533655492873183252,2401.658689096114757403578253948883,130186475698409042654604,0,5767964.4589108685
0x6f483af1e32cc556d92de33c0b15c0f8b03a6d12-450250,1620900000,0.0004381180216722448609853301631675945,2282.48999249818083217502057392701,218496043718639018660836,0,5209760.565854345
0x6f483af1e32cc556d92de33c0b15c0f8b03a6d12-450251,1620903600,0.0004322309883988487985773806597496183,2313.577755506119084180589733130256,218496043718639018660836,0,5352642.030772732
0x6f483af1e32cc556d92de33c0b15c0f8b03a6d12-450252,1620907200,0.0004277387872849118966861587159556979,2337.875427074401550253306628809982,218496043718639018660836,0,5465661.512518316
0x6f483af1e32cc556d92de33c0b15c0f8b03a6d12-450253,1620910800,0.0004247388336898604154534988691388876,2354.38796898469826887125397864888,218496043718639018660836,0,5543142.708499893
0x6f483af1e32cc556d92de33c0b15c0f8b03a6d12-450254,1620914400,0.0004227900570103900575808741725668903,2365.240107752640500454950464426194,311721448999461137130362,0,5594360.767321723
0x6f483af1e32cc556d92de33c0b15c0f8b03a6d12-450255,1620918000,0.0004249221815126597022745031130195175,2353.372084366480665991764736169588,311721448999461137130362,0,5538360.167475433
0x6f483af1e32cc556d92de33c0b15c0f8b03a6d12-450256,1620921600,0.0004260292178939180675961696413943342,2347.256849996146373453003346179504,311721448999461137130362,0,5509614.719853831
0x6f483af1e32cc556d92de33c0b15c0f8b03a6d12-450257,1620925200,0.0004360947642165009799363413787533625,2293.079582821008195473850829685907,311721448999461137130362,0,5258213.973150568
0x6f483af1e32cc556d92de33c0b15c0f8b03a6d12-450258,1620928800,0.0004358183912300849210574096548017084,2294.533732680552223994217889216727,311721448999461137130362,0,5264885.050408947
0x6f483af1e32cc556d92de33c0b15c0f8b03a6d12-450259,1620932400,0.0004370540563200739145562558985130649,2288.046491136226871889096943092625,311721448999461137130362,0,5235156.7456008
0x6f483af1e32cc556d92de33c0b15c0f8b03a6d12-450260,1620936000,0.0004365982306651885547682025640828486,2290.435301298469881884766746610871,311721448999461137130362,0,5246093.869434212
0x6f483af1e32cc556d92de33c0b15c0f8b03a6d12-450261,1620939600,0.0004350970860039608329833628903010951,2298.337617436713121443320781797809,311721448999461137130362,0,5282355.803724667
0x6f483af1e32cc556d92de33c0b15c0f8b03a6d12-450262,1620943200,0.0004332082171176101206117489501012838,2308.358799501980921971708610219644,311721448999461137130362,0,5328520.347238227
0x6f483af1e32cc556d92de33c0b15c0f8b03a6d12-450263,1620946800,0.0004403199271609353964519526011649418,2271.075957083594562083614303016853,311721448999461137130362,0,5157786.002843165
0x6f483af1e32cc556d92de33c0b15c0f8b03a6d12-450264,1620950400,0.0004320876172815921749466355374493731,2314.345424410296021888797730883928,311721448999461137130362,0,5356194.743488873
0x6f483af1e32cc556d92de33c0b15c0f8b03a6d12-450265,1620954000,0.0004252754688577375036447491746228965,2351.417077232165637513918096627164,311721448999461137130362,0,5529162.27109906
0x6f483af1e32cc556d92de33c0b15c0f8b03a6d12-450266,1620957600,0.0004252100338147617740818715938748234,2351.778933880095965617726658874631,311721448999461137130362,0,5530864.1538422005
0x6f483af1e32cc556d92de33c0b15c0f8b03a6d12-450267,1620961200,0.0004247683320805766612972568229468865,2354.224466550638366659203039565191,311721448999461137130362,0,5542372.838905638
0x6f483af1e32cc556d92de33c0b15c0f8b03a6d12-450268,1620964800,0.0004240542147970974663812364569240761,2358.189035990321497345394381819556,311721448999461137130362,0,5561055.529464961
0x6f483af1e32cc556d92de33c0b15c0f8b03a6d12-450269,1620968400,0.0004258516616754544886606803391815223,2348.235524233105608866658889665842,311721448999461137130362,0,5514210.077270328
0x6f483af1e32cc556d92de33c0b15c0f8b03a6d12-450270,1620972000,0.00042564253741443680570269838629024,2349.38924590219380629249332889451,311721448999461137130362,0,5519629.828760878
0x6f483af1e32cc556d92de33c0b15c0f8b03a6d12-450271,1620975600,0.0004241606172567393975497392666593597,2357.597474436698692251136451939774,311721448999461137130362,0,5558265.8514703
0x6f483af1e32cc556d92de33c0b15c0f8b03a6d12-450272,1620979200,0.0004241385975783564258748483950827772,2357.719872017206586850720906811367,311721448999461137130362,0,5558842.994904832
0x6f483af1e32cc556d92de33c0b15c0f8b03a6d12-450273,1620982800,0.0004170416292478417901538375761095089,2397.842157396988556277652536733887,311721448999461137130362,0,5749647.011790244
0x6f483af1e32cc556d92de33c0b15c0f8b03a6d12-450274,1620986400,0.0004171071113877168852975191835330681,2397.46571731418422035811776175343,311721448999461137130362,0,5747841.865696816
0x6f483af1e32cc556d92de33c0b15c0f8b03a6d12-450275,1620990000,0.0004112702576585450685928537088984762,2431.491170047712642244418264489299,311235917828904377045239,0,5912149.310019995
0x6f483af1e32cc556d92de33c0b15c0f8b03a6d12-450276,1620993600,0.0004109100388693057294097857225625253,2433.62270425829276034023186692743,311235917828904377045239,0,5922519.466681446
0x6f483af1e32cc556d92de33c0b15c0f8b03a6d12-450277,1620997200,0.0004106997476684900074825247257847319,2434.868795700316174149797255349401,311235917828904377045239,0,5928586.052275108
0x6f483af1e32cc556d92de33c0b15c0f8b03a6d12-450278,1621000800,0.0004069140577193769511744167370437827,2457.521388188650745773887462329995,311235917828904377045239,0,6039411.373404673
0x6f483af1e32cc556d92de33c0b15c0f8b03a6d12-450279,1621004400,0.000403044081730577320141276328282546,2481.1181836642610971001285610672,311235917828904377045239,0,6155947.441309443
0x6f483af1e32cc556d92de33c0b15c0f8b03a6d12-450280,1621008000,0.000402860637281284474265663674294575,2482.247972272809031283523513638072,311235917828904377045239,0,6161554.995852471
0x6f483af1e32cc556d92de33c0b15c0f8b03a6d12-450281,1621011600,0.0004023611475450979859295873715154285,2485.3294263157370295093500234648,311235917828904377045239,0,6176862.357310911
0x6f483af1e32cc556d92de33c0b15c0f8b03a6d12-450282,1621015200,0.0003999801643072570737385429318480042,2500.123979227677955947190363836981,311235917828904377045239,0,6250619.911509238
0x6f483af1e32cc556d92de33c0b15c0f8b03a6d12-450283,1621018800,0.0003997530013845960718431831129024885,2501.544695190207556915109519792583,311235917828904377045239,0,6257725.862034269
0x6f483af1e32cc556d92de33c0b15c0f8b03a6d12-450284,1621022400,0.0004043991489386505684199200302961208,2472.804412730614191103890393511047,311235917828904377045239,0,6114761.663619998
0x6f483af1e32cc556d92de33c0b15c0f8b03a6d12-450287,1621033200,0.0004043340002557869058818624083106243,2473.202845586537606308650814343015,311235917828904377045239,0,6116732.3154173475
0x6f483af1e32cc556d92de33c0b15c0f8b03a6d12-450289,1621040400,0.0004042396470532218406672898096939862,2473.780113577876909607651983633901,311235917828904377045239,0,6119588.050333373
0x6f483af1e32cc556d92de33c0b15c0f8b03a6d12-450290,1621044000,0.0004040564973461262998164730745106368,2474.901422370573905817797242447659,311235917828904377045239,0,6125137.050451891
0x6f483af1e32cc556d92de33c0b15c0f8b03a6d12-450291,1621047600,0.0004065595420485580759877714706749724,2459.664321150193132078003452096538,311235917828904377045239,0,6049948.572739241
0x6f483af1e32cc556d92de33c0b15c0f8b03a6d12-450292,1621051200,0.0004040441526667264557534385933303123,2474.977037533926073737259063065721,311235917828904377045239,0,6125511.336320209
0x6f483af1e32cc556d92de33c0b15c0f8b03a6d12-450293,1621054800,0.0004033890092201783298239854461008112,2478.996643793481887679011555469732,311235917828904377045239,0,6145424.359939347
0x6f483af1e32cc556d92de33c0b15c0f8b03a6d12-450294,1621058400,0.0004029146600995552065731271711125825,2481.915152337501009052551464168415,311235917828904377045239,0,6159902.82340248
0x6f483af1e32cc556d92de33c0b15c0f8b03a6d12-450295,1621062000,0.0004027158126240833943157435400212492,2483.140638268042879593508244142085,311235917828904377045239,0,6165987.429418223
0x6f483af1e32cc556d92de33c0b15c0f8b03a6d12-450296,1621065600,0.000402687265608835360550261264151338,2483.31667128353065518130299117626,311235917828904377045239,0,6166861.689874714
0x6f483af1e32cc556d92de33c0b15c0f8b03a6d12-450297,1621069200,0.000404449809439971526560070849566872,2472.494674641255037869090266915305,311235917828904377045239,0,6113229.9161293665
0x6f483af1e32cc556d92de33c0b15c0f8b03a6d12-450298,1621072800,0.000409105231735756365187421483570764,2444.358865217119177129764184229832,311235917828904377045239,0,5974890.261965523
0x6f483af1e32cc556d92de33c0b15c0f8b03a6d12-450299,1621076400,0.0004090744084391379772332018551499955,2444.54304490861308537135260426164,311235917828904377045239,0,5975790.698411074
0x6f483af1e32cc556d92de33c0b15c0f8b03a6d12-450300,1621080000,0.0004090652432606950459753294138037035,2444.597815323814886279566495567769,311235917828904377045239,0,5976058.478685969
0x6f483af1e32cc556d92de33c0b15c0f8b03a6d12-450301,1621083600,0.0004086908293431978672053339427047674,2446.837384648654859319841357425996,311235917828904377045239,0,5987013.186914269
0x6f483af1e32cc556d92de33c0b15c0f8b03a6d12-450302,1621087200,0.0004085499722523991812979560122978331,2447.680988660567873894019297291049,311235917828904377045239,0,5991142.222250375
0x6f483af1e32cc556d92de33c0b15c0f8b03a6d12-450303,1621090800,0.0004071105420502401139510550116011179,2456.335311200547182252245229286506,311235917828904377045239,0,6033583.1610506885
0x6f483af1e32cc556d92de33c0b15c0f8b03a6d12-450304,1621094400,0.0004126120459812961172284998860245827,2423.584114277968591252241482365621,311235917828904377045239,0,5873759.958980526
0x6f483af1e32cc556d92de33c0b15c0f8b03a6d12-450305,1621098000,0.0004151753363302607919637585923686172,2408.620918667786536963990187409038,311235917828904377045239,0,5801454.729844052
0x6f483af1e32cc556d92de33c0b15c0f8b03a6d12-450306,1621101600,0.0004156681365817043593807175297483309,2405.765349789900201491841745336663,311235917828904377045239,0,5787706.918249721
0x6f483af1e32cc556d92de33c0b15c0f8b03a6d12-450307,1621105200,0.0004205039236755910143598012934952146,2378.099094198884847745048832493603,311827199958685501035084,0,5655355.301829557
0x6f483af1e32cc556d92de33c0b15c0f8b03a6d12-450308,1621108800,0.0004185394660744733104657031175532192,2389.260944443561334072318066148876,311827199958685501035084,0,5708567.860643338
0x6f483af1e32cc556d92de33c0b15c0f8b03a6d12-450309,1621112400,0.0004136123046114882097515389296844105,2417.723043658756496658922395563658,311341668788128740949961,0,5845384.715838562
0x6f483af1e32cc556d92de33c0b15c0f8b03a6d12-450310,1621116000,0.0004121684749084871934114841319610282,2426.192348218838597758083555476844,311341668788128740949961,0,5886409.3105556425
0x6f483af1e32cc556d92de33c0b15c0f8b03a6d12-450311,1621119600,0.0004149830445858939410034353165105444,2409.737007443006967598878824396726,311341668788128740949961,0,5806832.445040378
0x6f483af1e32cc556d92de33c0b15c0f8b03a6d12-450312,1621123200,0.000414961709687065099269479271235711,2409.860901995342129615466285174136,311341668788128740949961,0,5807429.5669658035
0x6f483af1e32cc556d92de33c0b15c0f8b03a6d12-450313,1621126800,0.0004106160339958723742462507289664988,2435.365200595289652331895731817093,311341668788128740949961,0,5931003.660270535
0x6f483af1e32cc556d92de33c0b15c0f8b03a6d12-450314,1621130400,0.0004099056326156146454897631216649004,2439.585895951181255109437994583191,311341668788128740949961,0,5951579.343723928
0x6f483af1e32cc556d92de33c0b15c0f8b03a6d12-450315,1621134000,0.0004079220935539844026532923658337095,2451.448489312236817271489416973565,311341668788128740949961,0,6009599.695751248
0x6f483af1e32cc556d92de33c0b15c0f8b03a6d12-450316,1621137600,0.0004049615713140849713212355466233473,2469.370110242899960852933637153368,311341668788128740949961,0,6097788.741361032
0x6f483af1e32cc556d92de33c0b15c0f8b03a6d12-450317,1621141200,0.0004037429890959625281895767649117888,2476.823194476121997450926804876193,311341668788128740949961,0,6134653.136694902
0x6f483af1e32cc556d92de33c0b15c0f8b03a6d12-450318,1621144800,0.0004022583657493900317125103302454321,2485.964457537242305278082777905387,311341668788128740949961,0,6180019.284138435
0x6f483af1e32cc556d92de33c0b15c0f8b03a6d12-450319,1621148400,0.0004021115418084418288661367206522413,2486.872163635583192261976628293253,311341668788128740949961,0,6184533.158265526
0x6f483af1e32cc556d92de33c0b15c0f8b03a6d12-450320,1621152000,0.0004020959071988267303268257596295622,2486.968860156848383712548115703203,311341668788128740949961,0,6185014.111389853
0x6f483af1e32cc556d92de33c0b15c0f8b03a6d12-450321,1621155600,0.0004033707643800321044033878640450902,2479.108771149956412445858800863117,311341668788128740949961,0,6145980.2991926465
0x6f483af1e32cc556d92de33c0b15c0f8b03a6d12-450322,1621159200,0.0004033334070534620590618128009793559,2479.338389808730781801631883615535,311341668788128740949961,0,6147118.85117935
0x6f483af1e32cc556d92de33c0b15c0f8b03a6d12-450323,1621162800,0.000403070578064223514757186837535216,2480.955084349183989629683332451441,311341668788128740949961,0,6155138.130558066
0x6f483af1e32cc556d92de33c0b15c0f8b03a6d12-450324,1621166400,0.0004066647776246000247701108535164856,2459.027816082756449704319302933522,311341668788128740949961,0,6046817.800268731
0x6f483af1e32cc556d92de33c0b15c0f8b03a6d12-450325,1621170000,0.0004092739742114023896891759727195763,2443.351063127873717191650300414195,311341668788128740949961,0,5969964.417688111
0x6f483af1e32cc556d92de33c0b15c0f8b03a6d12-450326,1621173600,0.0004120414201738801673402233887369023,2426.940475008563906222703700238833,311341668788128740949961,0,5890040.069234793
0x6f483af1e32cc556d92de33c0b15c0f8b03a6d12-450327,1621177200,0.0004143052372346704888874416731707614,2413.67936035426142703607188047046,311341668788128740949961,0,5825848.054600157
0x6f483af1e32cc556d92de33c0b15c0f8b03a6d12-450328,1621180800,0.0004197055572090439238176579207831767,2382.622728776324483593772845868277,311827199958685501035084,0,5676891.067681539
0x6f483af1e32cc556d92de33c0b15c0f8b03a6d12-450329,1621184400,0.0004288269748614030302648978105995084,2331.942854861684513385037603931197,311827199958685501035084,0,5437957.478340464
0x6f483af1e32cc556d92de33c0b15c0f8b03a6d12-450330,1621188000,0.0004293970162761142800208824087100221,2328.847109074861519762124309257707,311827199958685501035084,0,5423528.85744634
0x6f483af1e32cc556d92de33c0b15c0f8b03a6d12-450331,1621191600,0.0004434770708032704435042201938268207,2254.908011791227540371458834083562,311827199958685501035084,0,5084610.141640267
0x6f483af1e32cc556d92de33c0b15c0f8b03a6d12-450332,1621195200,0.0004431804914842327344861670919325017,2256.417011161642087138023049196464,311827199958685501035084,0,5091417.728259638
0x6f483af1e32cc556d92de33c0b15c0f8b03a6d12-450333,1621198800,0.0004402662547896009495039277168507277,2271.352821437315192307859095356039,311827199958685501035084,0,5159043.639451251
0x6f483af1e32cc556d92de33c0b15c0f8b03a6d12-450334,1621202400,0.0004373382773019498511672201805882281,2286.559516741256320985109549445025,311827199958685501035084,0,5228354.423600007
0x6f483af1e32cc556d92de33c0b15c0f8b03a6d12-450335,1621206000,0.0004362664542915790401674501306326515,2292.177154954135403829872720149654,311827199958685501035084,0,5254076.109693634
0x6f483af1e32cc556d92de33c0b15c0f8b03a6d12-450337,1621213200,0.0004379751755831514677338859835001774,2283.234429139798828704355264805696,311827199958685501035084,0,5213159.458409343
0x6f483af1e32cc556d92de33c0b15c0f8b03a6d12-450338,1621216800,0.0004395354868036513836728197532843985,2275.129153443572717131425738185369,311827199958685501035084,0,5176212.664848868
0x6f483af1e32cc556d92de33c0b15c0f8b03a6d12-450339,1621220400,0.0004399101616459426086177340892543436,2273.191408578645701378305280983451,311827199958685501035084,0,5167399.180035767
0x6f483af1e32cc556d92de33c0b15c0f8b03a6d12-450340,1621224000,0.000443457236087713461972825629597216,2255.008868097949731955001677211354,311827199958685501035084,0,5085064.9952003965
0x6f483af1e32cc556d92de33c0b15c0f8b03a6d12-450341,1621227600,0.0004424569691164454677094640908806555,2260.106789586629401272351964345793,311827199958685501035084,0,5108082.700335581
0x6f483af1e32cc556d92de33c0b15c0f8b03a6d12-450342,1621231200,0.0004401126123034467287132536318550455,2272.14574644028789177929939919337,311827199958685501035084,0,5162646.2930666935
0x6f483af1e32cc556d92de33c0b15c0f8b03a6d12-450343,1621234800,0.0004328438965530022252120303537591379,2310.301723008236683705613187079326,311827199958685501035084,0,5337494.051334827
0x6f483af1e32cc556d92de33c0b15c0f8b03a6d12-450344,1621238400,0.0004311739794024296712492652882334231,2319.249416177466543969369930109407,311827199958685501035084,0,5378917.854439519
0x6f483af1e32cc556d92de33c0b15c0f8b03a6d12-450345,1621242000,0.0004318063382310374875603241453965469,2315.85299117344392328077867788613,311827199958685501035084,0,5363175.076726988
0x6f483af1e32cc556d92de33c0b15c0f8b03a6d12-450346,1621245600,0.000432966310916776822228080304387833,2309.6485218043125981706503964997,311827199958685501035084,0,5334476.294272847
0x6f483af1e32cc556d92de33c0b15c0f8b03a6d12-450347,1621249200,0.0004319925875121642680998984408978722,2314.854534331197265814496774930678,311827199958685501035084,0,5358551.515113704
0x6f483af1e32cc556d92de33c0b15c0f8b03a6d12-450348,1621252800,0.0004297833436462842767164141994195375,2326.753734837638054723869784926984,311827199958685501035084,0,5413782.942580898
0x6f483af1e32cc556d92de33c0b15c0f8b03a6d12-450349,1621256400,0.0004307181292039771886577232118388854,2321.703992000822762712778854538331,311827199958685501035084,0,5390309.426472557
0x6f483af1e32cc556d92de33c0b15c0f8b03a6d12-450350,1621260000,0.0004358300901233159119961300826506598,2294.472141005810487711289736683334,311827199958685501035084,0,5264602.405851788
0x6f483af1e32cc556d92de33c0b15c0f8b03a6d12-450351,1621263600,0.0004431805781352673636431417832793473,2256.416569985114463426266935005158,311827199958685501035084,0,5091415.737303389
0x6f483af1e32cc556d92de33c0b15c0f8b03a6d12-450352,1621267200,0.0004435699456653468008517329226995235,2254.435878201843230638713794762057,311827199958685501035084,0,5082481.128923716
0x6f483af1e32cc556d92de33c0b15c0f8b03a6d12-450354,1621274400,0.00045967162083035405690962191150434,2175.466038546371318777340778566755,591282129781123989845,0,4732652.484868642
0x6f483af1e32cc556d92de33c0b15c0f8b03a6d12-450355,1621278000,0.0004431040493404248968496814281917342,2256.806277190500138891103740003774,311827199958685501035084,0,5093174.572766445
0x6f483af1e32cc556d92de33c0b15c0f8b03a6d12-450356,1621281600,0.0004387689722642627393395344863217186,2279.103727046856462429287312189015,311827199958685501035084,0,5194313.798638872
0x6f483af1e32cc556d92de33c0b15c0f8b03a6d12-450357,1621285200,0.0004427663948748845654038425927131801,2258.527321800419445595808897756891,311827199958685501035084,0,5100945.663318976
0x6f483af1e32cc556d92de33c0b15c0f8b03a6d12-450358,1621288800,0.0004451194221109124253963426434170231,2246.588107204240268274339807361781,591282129781123989845,0,5047158.123431531
0x6f483af1e32cc556d92de33c0b15c0f8b03a6d12-450360,1621296000,0.0004435698761496785026791056263216998,2254.436231513970891209626047571162,311827199958685501035084,0,5082482.721962915
0x6f483af1e32cc556d92de33c0b15c0f8b03a6d12-450361,1621299600,0.0004404504071038722943464914938965779,2270.403168827513454340709694172667,311827199958685501035084,0,5154730.549022014
0x6f483af1e32cc556d92de33c0b15c0f8b03a6d12-450362,1621303200,0.000440258245929519108043333267882263,2271.394140247607957330111152428868,311827199958685501035084,0,5159231.34035117
0x6f483af1e32cc556d92de33c0b15c0f8b03a6d12-450363,1621306800,0.0004395720693487101193309258233853496,2274.93981016957077708478159541881,311827199958685501035084,0,5175351.139894363
0x6f483af1e32cc556d92de33c0b15c0f8b03a6d12-450364,1621310400,0.0004313105898108499868755286520167856,2318.514832753230360155439297160006,311827199958685501035084,0,5375511.029696739
0x6f483af1e32cc556d92de33c0b15c0f8b03a6d12-450365,1621314000,0.0004289337831096505754711207600961454,2331.362180778296950431746872212987,311827199958685501035084,0,5435249.617963336
0x6f483af1e32cc556d92de33c0b15c0f8b03a6d12-450366,1621317600,0.00042490089691361818402031276532907,2353.489972047055334118082569515252,311827199958685501035084,0,5538915.04852605
0x6f483af1e32cc556d92de33c0b15c0f8b03a6d12-450367,1621321200,0.0004267149746318689070011969361500635,2343.484666463157454671042647389489,311827199958685501035084,0,5491920.3819479365
0x6f483af1e32cc556d92de33c0b15c0f8b03a6d12-450368,1621324800,0.0004258031112000400982997134224009644,2348.503272279298059323128288715343,311827199958685501035084,0,5515467.619906571
0x6f483af1e32cc556d92de33c0b15c0f8b03a6d12-450369,1621328400,0.0004269424401828838848244063767832132,2342.236109325750705763764560988899,311827199958685501035084,0,5486069.991829431
0x6f483af1e32cc556d92de33c0b15c0f8b03a6d12-450370,1621332000,0.0004269513521670518156065582814290364,2342.187218577383431370825886864092,311827199958685501035084,0,5485840.96686726
0x6f483af1e32cc556d92de33c0b15c0f8b03a6d12-450371,1621335600,0.0004269280555216456537450938335732098,2342.315027243036408878889441226685,311827199958685501035084,0,5486439.686848546
0x6f483af1e32cc556d92de33c0b15c0f8b03a6d12-450372,1621339200,0.000432517338885004303823076539571166,2312.046038611819314377276841854052,311827199958685501035084,0,5345556.884660606
0x6f483af1e32cc556d92de33c0b15c0f8b03a6d12-450373,1621342800,0.0004359121603959791050694940423407441,2294.040154997300447940441871467167,311827199958685501035084,0,5262620.232740038
0x6f483af1e32cc556d92de33c0b15c0f8b03a6d12-450374,1621346400,0.0004455780365491072326045897277598032,2244.27579003838495246328339237352,591282129781123989845,0,5036773.821752417
0x6f483af1e32cc556d92de33c0b15c0f8b03a6d12-450375,1621350000,0.0004392699706937988072582522693021082,2276.504352028808151497796354873493,367851075320178661552819,0,5182472.064806104
0x6f483af1e32cc556d92de33c0b15c0f8b03a6d12-450376,1621353600,0.000437619248738583513195734001954374,2285.091441664076747927325026859013,367851075320178661552819,0,5221642.896766408
0x6f483af1e32cc556d92de33c0b15c0f8b03a6d12-450377,1621357200,0.000435047425816412201136284883955545,2298.599970160482937761282856382438,367851075320178661552819,0,5283561.822821773
0x6f483af1e32cc556d92de33c0b15c0f8b03a6d12-450378,1621360800,0.000436506495521070595361474493770223,2290.916653614216428504055609769666,367851075320178661552819,0,5248299.11380696
0x6f483af1e32cc556d92de33c0b15c0f8b03a6d12-450379,1621364400,0.0004314268815790446613979670290883618,2317.889873574748910924103757858546,367851075320178661552819,0,5372613.466020365
0x6f483af1e32cc556d92de33c0b15c0f8b03a6d12-450380,1621368000,0.0004343665993935247938582579390481466,2302.202796891448181846477525859914,367851075320178661552819,0,5300137.7180148065
0x6f483af1e32cc556d92de33c0b15c0f8b03a6d12-450381,1621371600,0.0004342085755601697855413892139572094,2303.040649784279854715532253838969,367851075320178661552819,0,5303996.234558798
0x6f483af1e32cc556d92de33c0b15c0f8b03a6d12-450382,1621375200,0.0004339677752191686947343322534060156,2304.318562582130685594758060721503,367851075320178661552819,0,5309884.037860577
0x6f483af1e32cc556d92de33c0b15c0f8b03a6d12-450383,1621378800,0.0004344036984286466128890846074220832,2302.006183688732885768612222620159,367851075320178661552819,0,5299232.469741165
0x6f483af1e32cc556d92de33c0b15c0f8b03a6d12-450385,1621386000,0.0004527936145896041810212405353501123,2208.511709924098580582857586826306,56615157491274284507580,0,4877523.972871866
0x6f483af1e32cc556d92de33c0b15c0f8b03a6d12-450386,1621389600,0.0004523178561143998535996181941674925,2210.834674072829079188748071834368,56615157491274284507580,0,4887789.956082712
0x6f483af1e32cc556d92de33c0b15c0f8b03a6d12-450387,1621393200,0.0004612756037969281718981146914749304,2167.901340909066780915065844117198,56615157491274284507580,0,4699796.223915329
0x6f483af1e32cc556d92de33c0b15c0f8b03a6d12-450388,1621396800,0.0004676453778751270827406178435938263,2138.372466213115888088968530531827,56509406532049920602858,0,4572636.804258363
0x6f483af1e32cc556d92de33c0b15c0f8b03a6d12-450389,1621400400,0.0004681514988112205840670408612001515,2136.06066100248518905504942588914,56509406532049920602858,0,4562755.147482374
0x6f483af1e32cc556d92de33c0b15c0f8b03a6d12-450390,1621404000,0.0004591400224640435240793320673858801,2177.98482178345203788031118927352,56615157491274284507580,0,4743617.883919096
0x6f483af1e32cc556d92de33c0b15c0f8b03a6d12-450391,1621407600,0.0004668407619635167292989142729176402,2142.058023798164571455440239882014,56509406532049920602858,0,4588412.577318097
0x6f483af1e32cc556d92de33c0b15c0f8b03a6d12-450392,1621411200,0.00044330098557134922229453532394768,2255.803692182520900156301999774726,367851075320178661552819,0,5088650.297664293
0x6f483af1e32cc556d92de33c0b15c0f8b03a6d12-450393,1621414800,0.0004428770259128988423487358093039264,2257.963139855150678814545176776481,367851075320178661552819,0,5098397.540944531
0x6f483af1e32cc556d92de33c0b15c0f8b03a6d12-450394,1621418400,0.0004633768007864094309109911879983532,2158.070922633314127652436946060905,56509406532049920602858,0,4657270.107115404
0x6f483af1e32cc556d92de33c0b15c0f8b03a6d12-450395,1621422000,0.0004749157971178629741306903587964766,2105.636422432634787286688148998091,56509406532049920602858,0,4433704.743474905
0x6f483af1e32cc556d92de33c0b15c0f8b03a6d12-450396,1621425600,0.0004885838203273288778061340541753349,2046.731713977031832314203184497192,56509406532049920602858,0,4189110.7089993586
0x6f483af1e32cc556d92de33c0b15c0f8b03a6d12-450397,1621429200,0.0005002555799566546127090396734659968,1998.978202475315686378711191786863,56509406532049920602858,0,3995913.8539714436
0x6f483af1e32cc556d92de33c0b15c0f8b03a6d12-450398,1621432800,0.000491271210660160217486164548440278,2035.535521522257384899581611549811,56509406532049920602858,0,4143404.859378888
0x6f483af1e32cc556d92de33c0b15c0f8b03a6d12-450399,1621436400,0.0004567795763144607201852761049369162,2189.239738055998579307507118032471,56615157491274284507580,0,4792770.6306834975
0x6f483af1e32cc556d92de33c0b15c0f8b03a6d12-450400,1621440000,0.0004233482269936954999192749019412391,2362.121620542164207404110785824939,367851075320178661552819,0,5579618.55023274
0x6f483af1e32cc556d92de33c0b15c0f8b03a6d12-450401,1621443600,0.0004224683936414860113253615548104834,2367.040978806611750152080500859068,367851075320178661552819,0,5602882.995349763
0x6f483af1e32cc556d92de33c0b15c0f8b03a6d12-450402,1621447200,0.0004519993325009876699363165871256709,2212.392647721033717001159688778253,56615157491274284507580,0,4894681.227690087
0x6f483af1e32cc556d92de33c0b15c0f8b03a6d12-450404,1621454400,0.0004526205276556610300351820811852798,2209.356268438552706914444224646876,56615157491274284507580,0,4881255.120888727
0x6f483af1e32cc556d92de33c0b15c0f8b03a6d12-450405,1621458000,0.0004618930340717632401745240419884791,2165.003423378392711047964504907261,56615157491274284507580,0,4687239.82324016
0x6f483af1e32cc556d92de33c0b15c0f8b03a6d12-450406,1621461600,0.000451811003604342974963908415288218,2213.31484187515177431258405684464,56615157491274284507580,0,4898762.589264828
0x6f483af1e32cc556d92de33c0b15c0f8b03a6d12-450407,1621465200,0.000462316501719113783753597856363888,2163.02034705990789173611869745109,56509406532049920602858,0,4678657.021795165
0x6f483af1e32cc556d92de33c0b15c0f8b03a6d12-450408,1621468800,0.0005058375512919518354733024513548471,1976.919264783556553443595673748601,56509406532049920602858,0,3908209.779472358
0x6f483af1e32cc556d92de33c0b15c0f8b03a6d12-450409,1621472400,0.0004907959237329194691367573904263795,2037.506734762895831135521560800522,56509406532049920602858,0,4151433.694204157
0x6f483af1e32cc556d92de33c0b15c0f8b03a6d12-450410,1621476000,0.0004357774063528996845151891418419802,2294.749533641915371666585791749049,311341668788128740949961,0,5265875.422149788
0x6f483af1e32cc556d92de33c0b15c0f8b03a6d12-450411,1621479600,0.000434724494387362157077230081825946,2300.307465787625801714427049816596,311341668788128740949961,0,5291414.437158289
0x6f483af1e32cc556d92de33c0b15c0f8b03a6d12-450412,1621483200,0.0004287976061394076732376874988143013,2332.102571661482192913748209028806,311341668788128740949961,0,5438702.4047500985
0x6f483af1e32cc556d92de33c0b15c0f8b03a6d12-450413,1621486800,0.0004265319781563065412674190071604995,2344.490099716605214246307093848801,311341668788128740949961,0,5496633.827669177
0x6f483af1e32cc556d92de33c0b15c0f8b03a6d12-450414,1621490400,0.0004264526148746396311491625905612866,2344.926411798320992617452175678534,311341668788128740949961,0,5498679.87674935
0x6f483af1e32cc556d92de33c0b15c0f8b03a6d12-450415,1621494000,0.0004209433696956006428936340071835899,2375.616465281627133747289872523991,311341668788128740949961,0,5643553.590117171
0x6f483af1e32cc556d92de33c0b15c0f8b03a6d12-450416,1621497600,0.0004247390241133041805971941201453438,2354.386913440847667352147410151165,311341668788128740949961,0,5543137.738181522
0x6f483af1e32cc556d92de33c0b15c0f8b03a6d12-450417,1621501200,0.0004249472437822954853255639277790264,2353.233288676910470861022723364715,311341668788128740949961,0,5537706.910937147
0x6f483af1e32cc556d92de33c0b15c0f8b03a6d12-450418,1621504800,0.000424975381368784409003690709137486,2353.077481286431770323867714353299,311341668788128740949961,0,5536973.632937298
0x6f483af1e32cc556d92de33c0b15c0f8b03a6d12-450419,1621508400,0.0004245979647630289309261725298618505,2355.169084614211318301201193826691,311341668788128740949961,0,5546821.417122542
0x6f483af1e32cc556d92de33c0b15c0f8b03a6d12-450420,1621512000,0.0004173416894529134135679184702402379,2396.118157548276817254981866617677,311341668788128740949961,0,5741382.224932549
0x6f483af1e32cc556d92de33c0b15c0f8b03a6d12-450421,1621515600,0.0004118859902759377583302750304651236,2427.856308805411838844576098757135,311341668788128740949961,0,5894486.25620624
0x6f483af1e32cc556d92de33c0b15c0f8b03a6d12-450422,1621519200,0.0004152451041305030523633380080417785,2408.216231938331128357172450409998,311341668788128740949961,0,5799505.419771253
0x6f483af1e32cc556d92de33c0b15c0f8b03a6d12-450423,1621522800,0.000411833414993930245144008460565635,2428.166252645474078161311037552377,311341668788128740949961,0,5895991.350486365
0x6f483af1e32cc556d92de33c0b15c0f8b03a6d12-450424,1621526400,0.0004185714384673781177353898607772922,2389.078441810444349393081107312341,311341668788128740949961,0,5707695.801123421
0x6f483af1e32cc556d92de33c0b15c0f8b03a6d12-450426,1621533600,0.0004168477575627839638904780483949716,2398.957369584467411062449090994182,311341668788128740949961,0,5754996.461083627
0x6f483af1e32cc556d92de33c0b15c0f8b03a6d12-450427,1621537200,0.0004160536776059922308495061812658495,2403.536019087930920667631715674895,311341668788128740949961,0,5776985.395053059
0x6f483af1e32cc556d92de33c0b15c0f8b03a6d12-450428,1621540800,0.000415734697357965856915490019136469,2405.380177202183400295518729789623,311341668788128740949961,0,5785853.796877207
0x6f483af1e32cc556d92de33c0b15c0f8b03a6d12-450429,1621544400,0.0004154581484297442630326129415128651,2406.981313953225413939650997527479,311341668788128740949961,0,5793559.045719995
0x6f483af1e32cc556d92de33c0b15c0f8b03a6d12-450430,1621548000,0.0004152547449623860152461780911129067,2408.160321179666485462100731750385,311341668788128740949961,0,5799236.132504154
0x6f483af1e32cc556d92de33c0b15c0f8b03a6d12-450431,1621551600,0.000417101605243450381126522936244361,2397.497366178507878084063801820917,311341668788128740949961,0,5747993.620832883
0x6f483af1e32cc556d92de33c0b15c0f8b03a6d12-450432,1621555200,0.00041094831835594161355806770236271,2433.396014371454602763098655284859,311341668788128740949961,0,5921416.16275888
0x6f483af1e32cc556d92de33c0b15c0f8b03a6d12-450434,1621562400,0.0004137461675408738618056027098284471,2416.940816500035121350234589634971,311341668788128740949961,0,5841602.9104638565
0x6f483af1e32cc556d92de33c0b15c0f8b03a6d12-450435,1621566000,0.0004136797982426872081332505306460693,2417.328581787175585850968701630948,311341668788128740949961,0,5843477.472325197
0x6f483af1e32cc556d92de33c0b15c0f8b03a6d12-450436,1621569600,0.0004160414402883103189259725204301811,2403.606715972849678496589813058431,311341668788128740949961,0,5777325.245069787
0x6f483af1e32cc556d92de33c0b15c0f8b03a6d12-450437,1621573200,0.0004152776804309771557475364487951322,2408.027320327437859224504845415485,311341668788128740949961,0,5798595.57544334
0x6f483af1e32cc556d92de33c0b15c0f8b03a6d12-450438,1621576800,0.0004167312886318340133072222280695219,2399.627835200685758064388597244544,311341668788128740949961,0,5758213.747469929
0x6f483af1e32cc556d92de33c0b15c0f8b03a6d12-450439,1621580400,0.0004170762933037952242794808036633607,2397.642867875992048321757371729027,311341668788128740949961,0,5748691.3218766125
0x6f483af1e32cc556d92de33c0b15c0f8b03a6d12-450440,1621584000,0.0004195275918758450055197588784058725,2383.633447155819008620889055163264,311341668788128740949961,0,5681708.410399932
0x6f483af1e32cc556d92de33c0b15c0f8b03a6d12-450441,1621587600,0.0004154237772098201611075844305754896,2407.180462121033114632567820237521,311341668788128740949961,0,5794517.777217231
0x6f483af1e32cc556d92de33c0b15c0f8b03a6d12-450442,1621591200,0.0004152447774011682352486755339239604,2408.218126808370148324382261599375,311341668788128740949961,0,5799514.546288415
0x6f483af1e32cc556d92de33c0b15c0f8b03a6d12-450443,1621594800,0.0004171163873155936726909243430872635,2397.412401933256616741631530504262,311341668788128740949961,0,5747586.224943386
0x6f483af1e32cc556d92de33c0b15c0f8b03a6d12-450444,1621598400,0.0004168374604939168699972646759911482,2399.016630643237329776714931515417,311341668788128740949961,0,5755280.794102832
0x6f483af1e32cc556d92de33c0b15c0f8b03a6d12-450445,1621602000,0.0004165751407363014871969423927822091,2400.527305187938423625693393026826,311341668788128740949961,0,5762531.342952866
0x6f483af1e32cc556d92de33c0b15c0f8b03a6d12-450446,1621605600,0.0004225651727578748354678735983859103,2366.498860929527966725387647306757,311341668788128740949961,0,5600316.858780754
0x6f483af1e32cc556d92de33c0b15c0f8b03a6d12-450447,1621609200,0.0004259147301522241250176351020242539,2347.887802900347761073952194443145,311341668788128740949961,0,5512577.135008222
0x6f483af1e32cc556d92de33c0b15c0f8b03a6d12-450448,1621612800,0.0004235327374212989898979372816328593,2361.092571234402795842019114086159,311341668788128740949961,0,5574758.129938283
0x6f483af1e32cc556d92de33c0b15c0f8b03a6d12-450449,1621616400,0.0004230568337178236083611916990716677,2363.748603732504772024341191311864,311341668788128740949961,0,5587307.461647366
0x6f483af1e32cc556d92de33c0b15c0f8b03a6d12-450450,1621620000,0.0004249490084942146397986556477221677,2353.223516260102641646330166846897,311341668788128740949961,0,5537660.917479562
0x6f483af1e32cc556d92de33c0b15c0f8b03a6d12-450451,1621623600,0.0004280596984654959811728718456139032,2336.122750132259001609902469499773,311341668788128740949961,0,5457469.503685509
0x6f483af1e32cc556d92de33c0b15c0f8b03a6d12-450452,1621627200,0.0004340111704357920112914350782226463,2304.088162053287213013462216975671,311341668788128740949961,0,5308822.258514096
0x6f483af1e32cc556d92de33c0b15c0f8b03a6d12-450453,1621630800,0.0004325621233303945344613728284049067,2311.80666559700538772179734538699,311341668788128740949961,0,5344450.059098745
0x6f483af1e32cc556d92de33c0b15c0f8b03a6d12-450454,1621634400,0.0004233568917637486989544822160683234,2362.073275419933129334308473049693,311341668788128740949961,0,5579390.158453051
0x6f483af1e32cc556d92de33c0b15c0f8b03a6d12-450455,1621638000,0.0004206548071322196757384686689619465,2377.246100710032517026675669423613,311341668788128740949961,0,5651299.023341053
0x6f483af1e32cc556d92de33c0b15c0f8b03a6d12-450457,1621645200,0.0004178532865124903437600561977077903,2393.184479524509622756090736130371,311341668788128740949961,0,5727331.9530369975
0x6f483af1e32cc556d92de33c0b15c0f8b03a6d12-450458,1621648800,0.0004199153163076990386434775370409523,2381.432544049513772919094095703082,311341668788128740949961,0,5671220.961858139
0x6f483af1e32cc556d92de33c0b15c0f8b03a6d12-450459,1621652400,0.000425277637254410235957775035686988,2351.405087876225376885022428297825,311341668788128740949961,0,5529105.887290199
0x6f483af1e32cc556d92de33c0b15c0f8b03a6d12-450460,1621656000,0.0004311557591311240360110334625217733,2319.347425661726588778868673431757,311341668788128740949961,0,5379372.480923678
0x6f483af1e32cc556d92de33c0b15c0f8b03a6d12-450461,1621659600,0.0004326755446334141200767321599444768,2311.200650009589804672214763245927,311341668788128740949961,0,5341648.444604751
0x6f483af1e32cc556d92de33c0b15c0f8b03a6d12-450462,1621663200,0.0004320222943647213086794346288414771,2314.695359577395511123131528564787,311341668788128740949961,0,5357814.607649129
0x6f483af1e32cc556d92de33c0b15c0f8b03a6d12-450463,1621666800,0.0004233290358193023679890237870062127,2362.228704829141777156484038408108,311341668788128740949961,0,5580124.453918765
0x6f483af1e32cc556d92de33c0b15c0f8b03a6d12-450464,1621670400,0.0004149803621007470442467988788766292,2409.752584285481320600787052811279,311341668788128740949961,0,5806907.517470555
0x6f483af1e32cc556d92de33c0b15c0f8b03a6d12-450465,1621674000,0.0004218870990225740394754458356814552,2370.302392077868918747123135832366,311341668788128740949961,0,5618333.429890067
0x6f483af1e32cc556d92de33c0b15c0f8b03a6d12-450466,1621677600,0.0004127501650141312460321515860711947,2422.773107712175468506084675110406,311341668788128740949961,0,5869829.531453312
0x6f483af1e32cc556d92de33c0b15c0f8b03a6d12-450467,1621681200,0.0004166423921721998368871568014141276,2400.139829234410484326007170178043,311341668788128740949961,0,5760671.199877386
0x6f483af1e32cc556d92de33c0b15c0f8b03a6d12-450468,1621684800,0.0004159788985422781986691264527419608,2403.968094305544585970648388668168,311341668788128740949961,0,5779062.598439032
0x6f483af1e32cc556d92de33c0b15c0f8b03a6d12-450469,1621688400,0.000411095553776005047435637170443473,2432.524484428924781077316527599479,311341668788128740949961,0,5917175.367346208
0x6f483af1e32cc556d92de33c0b15c0f8b03a6d12-450470,1621692000,0.0004179890750125696766680346743762871,2392.407026355720462838351179892601,311341668788128740949961,0,5723611.379756221
0x6f483af1e32cc556d92de33c0b15c0f8b03a6d12-450471,1621695600,0.0004186370660870532372257139367082698,2388.703918042592987121321482856293,311341668788128740949961,0,5705906.408072036
0x6f483af1e32cc556d92de33c0b15c0f8b03a6d12-450472,1621699200,0.0004175736840219328558978399727714309,2394.786928065791338040119735693261,311341668788128740949961,0,5735004.43083479
0x6f483af1e32cc556d92de33c0b15c0f8b03a6d12-450473,1621702800,0.0004222816862869358155892126329343936,2368.087540790274456981044069442052,311341668788128740949961,0,5607838.60084613
0x6f483af1e32cc556d92de33c0b15c0f8b03a6d12-450474,1621706400,0.0004190852434317096915432117847516127,2386.149394837737535842031216090201,311341668788128740949961,0,5693708.9344845
0x6f483af1e32cc556d92de33c0b15c0f8b03a6d12-450475,1621710000,0.0004208311413868844907055954544087816,2376.250000663961626128690761238782,311341668788128740949961,0,5646564.065655477
0x6f483af1e32cc556d92de33c0b15c0f8b03a6d12-450476,1621713600,0.0004146382446448269535193239751138275,2411.740867889756168947595039514948,311341668788128740949961,0,5816494.013849635
0x6f483af1e32cc556d92de33c0b15c0f8b03a6d12-450477,1621717200,0.0004142193100568257209366400520194553,2414.180062882178229343912545426508,311341668788128740949961,0,5828265.376017799
0x6f483af1e32cc556d92de33c0b15c0f8b03a6d12-450478,1621720800,0.0004157881419890938839011378044673543,2405.070994127172543289983631616966,311341668788128740949961,0,5784366.486791866
0x6f483af1e32cc556d92de33c0b15c0f8b03a6d12-450479,1621724400,0.0004179436104712958177499081789675106,2392.667276028806660162978181964623,311341668788128740949961,0,5724856.69377911
0x6f483af1e32cc556d92de33c0b15c0f8b03a6d12-450480,1621728000,0.0004150150052328455043950839899440708,2409.551431613772088891086024813983,311341668788128740949961,0,5805938.101591978
0x6f483af1e32cc556d92de33c0b15c0f8b03a6d12-450481,1621731600,0.000413418883844093359542786212616842,2418.854191423716945500539862307103,311341668788128740949961,0,5850855.599368083
0x6f483af1e32cc556d92de33c0b15c0f8b03a6d12-450482,1621735200,0.0004179179610663733291123035353028191,2392.814124208413623623481003057518,311341668788128740949961,0,5725559.433011278
0x6f483af1e32cc556d92de33c0b15c0f8b03a6d12-450483,1621738800,0.0004157296468373835697521050779452127,2405.409399130870957036643848812116,311341668788128740949961,0,5785994.377427137
0x6f483af1e32cc556d92de33c0b15c0f8b03a6d12-450484,1621742400,0.0004183504432079496803113620022822932,2390.34048185035496894146154341915,311341668788128740949961,0,5713727.619172587
0x6f483af1e32cc556d92de33c0b15c0f8b03a6d12-450485,1621746000,0.0004248691833460002292967977723863351,2353.665643915697099446192657471591,311341668788128740949961,0,5539741.963349094
0x6f483af1e32cc556d92de33c0b15c0f8b03a6d12-450486,1621749600,0.0004252200150455011146999537526190358,2351.723730344616889219070455701305,311341668788128740949961,0,5530604.503866
0x6f483af1e32cc556d92de33c0b15c0f8b03a6d12-450487,1621753200,0.0004289819993588098155180746989162317,2331.100142884033667290599549650236,311341668788128740949961,0,5434027.876153962
0x6f483af1e32cc556d92de33c0b15c0f8b03a6d12-450488,1621756800,0.0004350737137212350035939990980207796,2298.461084782360572669962955970895,311341668788128740949961,0,5282923.358258906
0x6f483af1e32cc556d92de33c0b15c0f8b03a6d12-450489,1621760400,0.0004318351935317415763027976427518453,2315.698245484700374349393447880271,311341668788128740949961,0,5362458.364140919
0x6f483af1e32cc556d92de33c0b15c0f8b03a6d12-450490,1621764000,0.0004218707406812645104401520154180803,2370.394302257450910490857892019818,311341668788128740949961,0,5618769.148174588
0x6f483af1e32cc556d92de33c0b15c0f8b03a6d12-450491,1621767600,0.0004237280881599546635442510354997013,2360.004040191233081032235498892582,311341668788128740949961,0,5569619.069718943
0x6f483af1e32cc556d92de33c0b15c0f8b03a6d12-450492,1621771200,0.0004379038439638369713178952090018094,2283.606352819734832096282725707059,311341668788128740949961,0,5214857.974638651
0x6f483af1e32cc556d92de33c0b15c0f8b03a6d12-450493,1621774800,0.0004269651638276348791160574979879527,2342.111452454932186519227451997306,311341668788128740949961,0,5485486.055720552
0x6f483af1e32cc556d92de33c0b15c0f8b03a6d12-450494,1621778400,0.0004245409003389511144234032087464217,2355.485653329527291235352663940015,311341668788128740949961,0,5548312.66304123
0x6f483af1e32cc556d92de33c0b15c0f8b03a6d12-450495,1621782000,0.000430070605403345044185294938548542,2325.199600800762154566193698333538,311341668788128740949961,0,5406553.183564024
0x6f483af1e32cc556d92de33c0b15c0f8b03a6d12-450496,1621785600,0.0004387500705313502273725216335610593,2279.201912808687518616732436386732,311341668788128740949961,0,5194761.35935078
0x6f483af1e32cc556d92de33c0b15c0f8b03a6d12-450497,1621789200,0.0004289449625539354390339911765252564,2331.30141929166549992981273009683,311341668788128740949961,0,5434966.307591334
0x6f483af1e32cc556d92de33c0b15c0f8b03a6d12-450498,1621792800,0.0004330081686853932193410218560638276,2309.425254114688178941872494319586,311341668788128740949961,0,5333445.004342692
0x6f483af1e32cc556d92de33c0b15c0f8b03a6d12-450499,1621796400,0.0004267048953750510050667849315782223,2343.540022246646500837914484070868,311341668788128740949961,0,5492179.835871813
0x6f483af1e32cc556d92de33c0b15c0f8b03a6d12-450500,1621800000,0.0004164437787228597870190268139879522,2401.284521686881781389791735306247,311341668788128740949961,0,5766167.354092997
0x6f483af1e32cc556d92de33c0b15c0f8b03a6d12-450501,1621803600,0.0004157799543071298627494535276279896,2405.11835561297005084664843388858,311341668788128740949961,0,5784594.304506437
0x6f483af1e32cc556d92de33c0b15c0f8b03a6d12-450502,1621807200,0.0004187739265924044883537616990087975,2387.923260020213252053517078804577,311341668788128740949961,0,5702177.495745563
0x6f483af1e32cc556d92de33c0b15c0f8b03a6d12-450503,1621810800,0.0004158472648573395618708945308026267,2404.72905441150298411637869210154,311341668788128740949961,0,5782721.825130842
0x6f483af1e32cc556d92de33c0b15c0f8b03a6d12-450504,1621814400,0.0004112456196882828124932125533952726,2431.636842133377608903658532219727,311341668788128740949961,0,5912857.732020386
0x6f483af1e32cc556d92de33c0b15c0f8b03a6d12-450505,1621818000,0.0004124314834222628396847919360053787,2424.645159729870693757098254048029,311341668788128740949961,0,5878904.15060149
0x6f483af1e32cc556d92de33c0b15c0f8b03a6d12-450506,1621821600,0.0004119440321145598372608376655222061,2427.51423019014477394115856706031,311341668788128740949961,0,5892825.33777565
0x6f483af1e32cc556d92de33c0b15c0f8b03a6d12-450507,1621825200,0.0004093910903511348032682337169525916,2442.652083957908905752439674211395,311341668788128740949961,0,5966549.203263915
0x6f483af1e32cc556d92de33c0b15c0f8b03a6d12-450508,1621828800,0.000413121262192904065254150110940004,2420.596787228678245571521660962101,311341668788128740949961,0,5859288.806341799
0x6f483af1e32cc556d92de33c0b15c0f8b03a6d12-450509,1621832400,0.00041560472846788025242556514147468,2406.13239335963032746241270713634,311341668788128740949961,0,5789473.094374543
0x6f483af1e32cc556d92de33c0b15c0f8b03a6d12-450510,1621836000,0.0004099338321366404527285898001600075,2439.418075809553600657867149952846,311341668788128740949961,0,5950760.548586385
0x6f483af1e32cc556d92de33c0b15c0f8b03a6d12-450511,1621839600,0.0004027037191429113334276281434964767,2483.215208760265765830447749966115,311341668788128740949961,0,6166357.77301829
0x6f483af1e32cc556d92de33c0b15c0f8b03a6d12-450512,1621843200,0.0004004834931231273846045469177188701,2496.981816158283356690856119259226,311341668788128740949961,0,6234918.19022512
0x6f483af1e32cc556d92de33c0b15c0f8b03a6d12-450513,1621846800,0.0004032741660832032416070277770087235,2479.702604589059406986165398184159,311341668788128740949961,0,6148925.007205765
0x6f483af1e32cc556d92de33c0b15c0f8b03a6d12-450514,1621850400,0.0004030615435471406322314817783691341,2481.01069429622622208265406746134,311341668788128740949961,0,6155414.065212242
0x6f483af1e32cc556d92de33c0b15c0f8b03a6d12-450515,1621854000,0.0003965902815704400522890474513176646,2521.493961072734540862719552542735,311341668788128740949961,0,6357931.7957262695
0x6f483af1e32cc556d92de33c0b15c0f8b03a6d12-450528,1621900800,0.0003965902815704400522890474513176646,2521.493961072734540862719552542735,311341668788128740949961,0,6357931.7957262695
0x6f483af1e32cc556d92de33c0b15c0f8b03a6d12-450530,1621908000,0.000378134063309570463101932002280577,2644.564711382060487881591319850918,105750959224363904722,0,6993722.512687282
0x6f483af1e32cc556d92de33c0b15c0f8b03a6d12-450659,1622372400,0.0003473129154662279358753244363823898,2879.247950389677191291784437119006,6336157310653600891565660,0,8290068.7598231565
0x6f483af1e32cc556d92de33c0b15c0f8b03a6d12-450660,1622376000,0.0003483112668518781412931434750099809,2870.995271092557439127643948544942,6336157310653600891565660,0,8242613.846635827
0x6f483af1e32cc556d92de33c0b15c0f8b03a6d12-450661,1622379600,0.0003506919018182890783776766860922222,2851.505822675511198572781350489303,6336157310653600891565660,0,8131085.456752344
0x6f483af1e32cc556d92de33c0b15c0f8b03a6d12-450662,1622383200,0.0003506916540447014472075328711480626,2851.507837345149573896188493353667,6336157310653600891565660,0,8131096.946440812
0x6f483af1e32cc556d92de33c0b15c0f8b03a6d12-450664,1622390400,0.0003504374481082665191801969273642046,2853.576309832770000423398919670764,6336157310653600891565660,0,8142897.756038809
0x6f483af1e32cc556d92de33c0b15c0f8b03a6d12-450665,1622394000,0.000349388243660979332051999135100331,2862.145530489933970162667206752626,6336157310653600891565660,0,8191877.037703507
0x6f483af1e32cc556d92de33c0b15c0f8b03a6d12-450666,1622397600,0.0003472993447602165294287865997332578,2879.360456871644959117897703114154,6336157310653600891565660,0,8290716.640596088
0x6f483af1e32cc556d92de33c0b15c0f8b03a6d12-450667,1622401200,0.0003483120190963069429153429402770535,2870.989070645603588725889976244408,6336157310653600891565660,0,8242578.243766507
0x6f483af1e32cc556d92de33c0b15c0f8b03a6d12-450668,1622404800,0.0003480812572671609547814102191543854,2872.892404064362828780246177386184,6337266805299687824459423,0,8253510.765330714
0x6f483af1e32cc556d92de33c0b15c0f8b03a6d12-450669,1622408400,0.0003483169611946632203436389568905425,2870.948335591191471016561761074228,6337266805299687824459423,0,8242344.345633833
0x6f483af1e32cc556d92de33c0b15c0f8b03a6d12-450670,1622412000,0.0003494402854641197352696415265396887,2861.719273929219718235806103653157,6337266805299687824459423,0,8189437.20277798
0x6f483af1e32cc556d92de33c0b15c0f8b03a6d12-450671,1622415600,0.0003505256980257278353658910460062222,2852.85788069838503573312080233947,6337266805299687824459423,0,8138798.087462881
0x6f483af1e32cc556d92de33c0b15c0f8b03a6d12-450672,1622419200,0.0003506919054935441777197942730708677,2851.505792791698223639896188939453,6337266805299687824459423,0,8131085.286324612
0x6f483af1e32cc556d92de33c0b15c0f8b03a6d12-450673,1622422800,0.0003590254452032644070788992200038961,2785.317902562154077991493223326791,459761373302783234550957,0,7757995.8183332365
0x6f483af1e32cc556d92de33c0b15c0f8b03a6d12-450674,1622426400,0.000360201886048198296091474236745678,2776.220888155457585853250292199111,459761373302783234550957,0,7707402.419830678
0x6f483af1e32cc556d92de33c0b15c0f8b03a6d12-450678,1622440800,0.0003588669365784615860396156553739648,2786.548154963178147747317868435685,1109494646086932893763,0,7764850.6199286925
0x6f483af1e32cc556d92de33c0b15c0f8b03a6d12-450679,1622444400,0.0003480457267791774933951546895444737,2873.185685266189361841066647410636,6337266805299687824459423,0,8255195.9820185425
0x6f483af1e32cc556d92de33c0b15c0f8b03a6d12-450680,1622448000,0.0003455398576461274465089436947183132,2894.022144976730893668943132031547,6337266805299687824459423,0,8375364.175615718
0x6f483af1e32cc556d92de33c0b15c0f8b03a6d12-450681,1622451600,0.0003442551168265539908882804314715578,2904.822473572207977431844420202837,6337266805299687824459423,0,8437993.60297016
0x6f483af1e32cc556d92de33c0b15c0f8b03a6d12-450682,1622455200,0.0003426231282635506167521763434034747,2918.658775512625871609273412366632,6337266805299687824459423,0,8518569.04787686
0x6f483af1e32cc556d92de33c0b15c0f8b03a6d12-450683,1622458800,0.0003421808090614860759503537182951838,2922.431572777978762556673737375608,6337266805299687824459423,0,8540606.29756957
0x6f483af1e32cc556d92de33c0b15c0f8b03a6d12-450684,1622462400,0.0003431251394565657125917442207244967,2914.388615138426465337060955887316,6337266805299687824459423,0,8493661.000048475
0x6f483af1e32cc556d92de33c0b15c0f8b03a6d12-450685,1622466000,0.0003427424877617832439130759993551165,2917.642357474604367753220461632014,6337266805299687824459423,0,8512636.926129967
0x6f483af1e32cc556d92de33c0b15c0f8b03a6d12-450686,1622469600,0.0003436008535387885065731944081310421,2910.353655123012458168823086837861,6337266805299687824459423,0,8470158.397887878
0x6f483af1e32cc556d92de33c0b15c0f8b03a6d12-450687,1622473200,0.0003392622251980907712956837113344647,2947.572484428860575649270537840922,6337266805299687824459423,0,8688183.550962126
0x6f483af1e32cc556d92de33c0b15c0f8b03a6d12-450688,1622476800,0.0003389696196350334972272908189470665,2950.116889757535923206067611388985,6337266805299687824459423,0,8703189.663232677
0x6f483af1e32cc556d92de33c0b15c0f8b03a6d12-450689,1622480400,0.0003381873559165826826263650583884417,2956.940827340274872515643042786876,2825374744637965212168776,0,8743499.05639179
0x6f483af1e32cc556d92de33c0b15c0f8b03a6d12-450690,1622484000,0.0003389176088192134405371505237749801,2950.569619218054054884005351516006,2825374744637965212168776,0,8705861.077852571
0x6f483af1e32cc556d92de33c0b15c0f8b03a6d12-450691,1622487600,0.0003406339942486894536567227329414066,2935.702298901858277795116148549789,6337279614851388267059968,0,8618347.987777656
0x6f483af1e32cc556d92de33c0b15c0f8b03a6d12-450692,1622491200,0.0003402796315360709563538208099301505,2938.759500490396335472211973131821,6337279614851388267059968,0,8636307.401722563
0x6f483af1e32cc556d92de33c0b15c0f8b03a6d12-450693,1622494800,0.0003396670743106598572497961804084848,2944.059273420770146193695783880748,6337279614851388267059968,0,8667485.005414832
0x6f483af1e32cc556d92de33c0b15c0f8b03a6d12-450694,1622498400,0.0003386293968256254074822305554251897,2953.080888352236815926627594033751,2825374744637965212168776,0,8720686.733151235
0x6f483af1e32cc556d92de33c0b15c0f8b03a6d12-450695,1622502000,0.0003354585463343753000512309812503195,2980.994256748579453238008906992962,2825374744637965212168776,0,8886326.758768015
0x6f483af1e32cc556d92de33c0b15c0f8b03a6d12-450696,1622505600,0.0003344185468879924001164787292462659,2990.264772410880608765956722113621,1122304197787375494308,0,8941683.409121495
0x6f483af1e32cc556d92de33c0b15c0f8b03a6d12-450699,1622516400,0.0003344185468879924001164787292462659,2990.264772410880608765956722113621,1122304197787375494308,0,8941683.409121495
0x6f483af1e32cc556d92de33c0b15c0f8b03a6d12-450700,1622520000,0.0003427142383996959842858107580728083,2917.882853859529293019699202051902,28894775555032480521616712,0,8514040.348847432
0x6f483af1e32cc556d92de33c0b15c0f8b03a6d12-450701,1622523600,0.0003420295164329549390752376649988792,2923.724275112441274208333477348335,28894775555032480521616712,0,8548163.63688177
0x6f483af1e32cc556d92de33c0b15c0f8b03a6d12-450702,1622527200,0.0003422347568710346189304660739531649,2921.970898405368833963689995631789,28894775555032480521616712,0,8537913.931127878
0x6f483af1e32cc556d92de33c0b15c0f8b03a6d12-450703,1622530800,0.0003423828162631824461315019552374687,2920.707326711516682314638065946814,28894775555032480521616712,0,8530531.288306333
0x6f483af1e32cc556d92de33c0b15c0f8b03a6d12-450704,1622534400,0.0003501710231242429347419585760238102,2855.747431863297147187111988677311,40983438388753044191111,0,8155293.394593816
0x6f483af1e32cc556d92de33c0b15c0f8b03a6d12-450705,1622538000,0.0003490882139316141883450141247346431,2864.605449543760216259680798154316,40983438388753044191111,0,8205964.381555809
0x6f483af1e32cc556d92de33c0b15c0f8b03a6d12-450706,1622541600,0.0003490537179943226291574922127032561,2864.888549951686905453704755432482,40983438388753044191111,0,8207586.40364428
0x6f483af1e32cc556d92de33c0b15c0f8b03a6d12-450707,1622545200,0.0003476801907542542558601279593636667,2876.206429335559957964218531187565,7222023952796141933643816,0,8272563.424151211
0x6f483af1e32cc556d92de33c0b15c0f8b03a6d12-450708,1622548800,0.0003501202876146183453983873944408874,2856.161254787703562551345873985871,40983438388753044191111,0,8157657.113350469
0x6f483af1e32cc556d92de33c0b15c0f8b03a6d12-450709,1622552400,0.000347950525958158994808735630856063,2873.971801727495790811443014216607,4913957254554531909380127,0,8259713.917124788
0x6f483af1e32cc556d92de33c0b15c0f8b03a6d12-450710,1622556000,0.0003494809609094553098365911619472539,2861.386203693892575885746614227302,4913957254554531909380127,0,8187531.006689747
0x6f483af1e32cc556d92de33c0b15c0f8b03a6d12-450711,1622559600,0.0003540592355297249250219148806074841,2824.386146865657268108413083414059,40983438388753044191111,0,7977157.106606633
0x6f483af1e32cc556d92de33c0b15c0f8b03a6d12-450712,1622563200,0.000351073331333585187756289700309673,2848.407756298109023293550672317484,40983438388753044191111,0,8113426.746139228
0x6f483af1e32cc556d92de33c0b15c0f8b03a6d12-450713,1622566800,0.0003532901951795463554011282320745504,2830.534256666217103414203344195132,40983438388753044191111,0,8011924.178160974
0x6f483af1e32cc556d92de33c0b15c0f8b03a6d12-450714,1622570400,0.0003511707574067560193143508493651394,2847.617516289132339525679502117088,40983438388753044191111,0,8108925.519076687
0x6f483af1e32cc556d92de33c0b15c0f8b03a6d12-450715,1622574000,0.000350118247158159292104601899330676,2856.177900228858752326026094189463,40983438388753044191111,0,8157752.197755732
0x6f483af1e32cc556d92de33c0b15c0f8b03a6d12-450716,1622577600,0.0003517629726466048292928704263228397,2842.823371875015540063646251155835,40983438388753044191111,0,8081644.723678833
0x6f483af1e32cc556d92de33c0b15c0f8b03a6d12-450717,1622581200,0.0003512779492826766070857727339203528,2846.748570589299281178459286112586,40983438388753044191111,0,8103977.424152219
0x6f483af1e32cc556d92de33c0b15c0f8b03a6d12-450718,1622584800,0.000350011423132973161136843804807309,2857.04961012112190926239366675416,40983438388753044191111,0,8162732.474693255
0x6f483af1e32cc556d92de33c0b15c0f8b03a6d12-450719,1622588400,0.0003439541873220863275944724928777699,2907.363936417432902884533313025131,40983438388753044191111,0,8452765.05878067
0x6f483af1e32cc556d92de33c0b15c0f8b03a6d12-450720,1622592000,0.0003463401903324505731011032060479378,2887.334556928273244334062585639055,40983438388753044191111,0,8336700.843632188
0x6f483af1e32cc556d92de33c0b15c0f8b03a6d12-450721,1622595600,0.0003476746155582558098998793752319238,2876.252551237642997123144318635047,19628785837964108846741910,0,8272828.73850105
0x6f483af1e32cc556d92de33c0b15c0f8b03a6d12-450722,1622599200,0.0003473795733125930359080301177865554,2878.695458296679543780724363197982,19628785837964108846741910,0,8286887.54161793
0x6f483af1e32cc556d92de33c0b15c0f8b03a6d12-450723,1622602800,0.0003472131359240085184578763565092585,2880.075367364157541893744335782325,19628785837964108846741910,0,8294834.121697787
0x6f483af1e32cc556d92de33c0b15c0f8b03a6d12-450724,1622606400,0.0003466212685102155711151863390797368,2884.993192420124522381995010233854,40983438388753044191111,0,8323185.720310463
0x6f483af1e32cc556d92de33c0b15c0f8b03a6d12-450725,1622610000,0.0003450568088430048018094451289509174,2898.073518250682096722700739318132,40983438388753044191111,0,8398830.117185887
0x6f483af1e32cc556d92de33c0b15c0f8b03a6d12-450726,1622613600,0.0003444652116849585050783547245692626,2903.050775747367650655221181036968,40983438388753044191111,0,8427703.806567393
0x6f483af1e32cc556d92de33c0b15c0f8b03a6d12-450727,1622617200,0.0003398027571552309039648693642272006,2942.883713986974804958129967965226,40983438388753044191111,0,8660564.55404977
0x6f483af1e32cc556d92de33c0b15c0f8b03a6d12-450728,1622620800,0.0003387452417803865781150367766741753,2952.070986279164951176157719893082,40983438388753044191111,0,8714723.108031243
0x6f483af1e32cc556d92de33c0b15c0f8b03a6d12-450729,1622624400,0.0003342837362745518947155962741721976,2991.47069236621806041044787217741,11283678276856923331348967,0,8948896.90328602
0x6f483af1e32cc556d92de33c0b15c0f8b03a6d12-450730,1622628000,0.0003346825866253283346295108911155928,2987.905675294315791016809528625145,11243817142665957662652164,0,8927580.32445598
0x6f483af1e32cc556d92de33c0b15c0f8b03a6d12-450731,1622631600,0.0003348705499819365817547880181948643,2986.228559226666828244848831276405,11243817142665957662652164,0,8917561.007940974
0x6f483af1e32cc556d92de33c0b15c0f8b03a6d12-450732,1622635200,0.0003345012494488654363607937547861891,2989.525455129482497303333801329135,11243817142665957662652164,0,8937262.44686714
0x6f483af1e32cc556d92de33c0b15c0f8b03a6d12-450733,1622638800,0.000333796171160993436648306461216082,2995.84023544023632568033502058864,11243817142665957662652164,0,8975058.716282612
0x6f483af1e32cc556d92de33c0b15c0f8b03a6d12-450734,1622642400,0.0003325437349576719651710942316281389,3007.12325892197493372852738863844,1122304197787375494308,0,9042790.29434952
0x6f483af1e32cc556d92de33c0b15c0f8b03a6d12-450735,1622646000,0.0003297109267918434570645298547163522,3032.959840701095221216172249217589,1906718282736646570906217,0,9198845.395305613
0x6f483af1e32cc556d92de33c0b15c0f8b03a6d12-450736,1622649600,0.0003298327231513915138521565467659408,3031.83986854150057313803558605262,1906718282736646570906217,0,9192052.988477742
0x6f483af1e32cc556d92de33c0b15c0f8b03a6d12-450737,1622653200,0.0003304172802495080783114455531203817,3026.476094848519319324999352708313,1906718282736646570906217,0,9159557.552689543
0x6f483af1e32cc556d92de33c0b15c0f8b03a6d12-450738,1622656800,0.0003256739918007624652073542966800196,3070.555295099431419872531492672895,1905608788090559638012454,0,9428309.820263157
0x6f483af1e32cc556d92de33c0b15c0f8b03a6d12-450739,1622660400,0.0003261750418372482989534059710107019,3065.838496922675127633764235998499,1905608788090559638012454,0,9399365.689213088
0x6f483af1e32cc556d92de33c0b15c0f8b03a6d12-450740,1622664000,0.0003288387311640275788173519804388814,3041.004313756433469637155477544032,1905608788090559638012454,0,9247707.236285238
0x6f483af1e32cc556d92de33c0b15c0f8b03a6d12-450741,1622667600,0.0003292826379468530549039504628484026,3036.904727911594928476765890145232,1905608788090559638012454,0,9222790.326411797
0x6f483af1e32cc556d92de33c0b15c0f8b03a6d12-450742,1622671200,0.0003320279199493378362104864511907102,3011.794912164567507276210058681035,1906718282736646570906217,0,9070908.592940375
0x6f483af1e32cc556d92de33c0b15c0f8b03a6d12-450743,1622674800,0.0003316538799027779106437144902539592,3015.191621738733251892022318255048,1122304197787375494308,0,9091380.515803453
0x6f483af1e32cc556d92de33c0b15c0f8b03a6d12-450745,1622682000,0.0003332562960757852255890775698662003,3000.693495592928772492904837034062,11243817142665957662652164,0,9004161.454493709
0x6f483af1e32cc556d92de33c0b15c0f8b03a6d12-450746,1622685600,0.000330827612273519916853670557829143,3022.722296750808238826760410658061,1122304197787375494308,0,9136850.083274482
0x6f483af1e32cc556d92de33c0b15c0f8b03a6d12-450754,1622714400,0.000319860329328520896956510316375884,3126.364566994877030335922056472343,7159678943871262483428909,0,9774155.405761065
0x6f483af1e32cc556d92de33c0b15c0f8b03a6d12-450755,1622718000,0.0003202463936330782477749601573802065,3122.595663468261479722033451548773,7159678943871262483428909,0,9750603.677510792
0x6f483af1e32cc556d92de33c0b15c0f8b03a6d12-450756,1622721600,0.0003206901281404628328772280622990505,3118.274970915220264887892711304383,7159678943871262483428909,0,9723638.79423632
0x6f483af1e32cc556d92de33c0b15c0f8b03a6d12-450757,1622725200,0.0003215403089063040929983677814817515,3110.029978516308136157673013967325,7159678943871262483428909,0,9672286.467270149
0x6f483af1e32cc556d92de33c0b15c0f8b03a6d12-450758,1622728800,0.0003217110827907923137377328651202307,3108.379081395516596625262530207509,7159678943871262483428909,0,9662020.513657235
0x6f483af1e32cc556d92de33c0b15c0f8b03a6d12-450759,1622732400,0.0003216600208996880429524313697658719,3108.872520753386031670314647520566,7159678943871262483428909,0,9665088.350295514
0x6f483af1e32cc556d92de33c0b15c0f8b03a6d12-450760,1622736000,0.0003206569978703876808478813168120859,3118.597150978780788185230218333823,7159678943871262483428909,0,9725648.19009297
0x6f483af1e32cc556d92de33c0b15c0f8b03a6d12-450761,1622739600,0.0003186678294557585067672132269793467,3138.063863264341941271050397656725,7159678943871262483428909,0,9847444.809925526
0x6f483af1e32cc556d92de33c0b15c0f8b03a6d12-450762,1622743200,0.0003154103148257136954002787921769836,3170.473358021186102938267542773402,12809551700442600545,0,10051901.313922135
0x6f483af1e32cc556d92de33c0b15c0f8b03a6d12-450764,1622750400,0.0003154227809364071776137887730588301,3170.348054859142785742947698961656,10114723204446929102118613,0,10051106.78894915
0x6f483af1e32cc556d92de33c0b15c0f8b03a6d12-450766,1622757600,0.0003154227809364071776137887730588301,3170.348054859142785742947698961656,10114723204446929102118613,0,10051106.78894915
0x6f483af1e32cc556d92de33c0b15c0f8b03a6d12-450768,1622764800,0.0003157771682777066268386304083452363,3166.790067357122578565193492098511,10114761223900850662984630,0,10028559.330711728
0x6f483af1e32cc556d92de33c0b15c0f8b03a6d12-450769,1622768400,0.0003182517653036984017325555538739021,3142.166388443215986098424266945673,8862218066111893382389311,0,9873209.612662282
0x6f483af1e32cc556d92de33c0b15c0f8b03a6d12-450770,1622772000,0.0003189596543715189395106227549562441,3135.192762766216537266859968401516,8862218066111893382389311,0,9829433.659701662
0x6f483af1e32cc556d92de33c0b15c0f8b03a6d12-450771,1622775600,0.0003159597105144051318117127279642373,3164.960489335580420378496796938296,1702551931792331341560947,0,10016974.899055317
0x6f483af1e32cc556d92de33c0b15c0f8b03a6d12-450772,1622779200,0.0003165093162178930066422441926320334,3159.464662681760511808591912904201,1702551931792331341560947,0,9982216.954734772
0x6f483af1e32cc556d92de33c0b15c0f8b03a6d12-450773,1622782800,0.0003191103793351757056849938905278726,3133.711921509315418708574877029437,5909908188598341032684433,0,9820150.407009605
0x6f483af1e32cc556d92de33c0b15c0f8b03a6d12-450774,1622786400,0.0003198983340973261732374262928286277,3125.993146609381996575474382342509,20703021793370324201420608,0,9771833.152648825
0x6f483af1e32cc556d92de33c0b15c0f8b03a6d12-450775,1622790000,0.0003201440024125435657816563718607363,3123.594358989056571758565609759557,20703021793370324201420608,0,9756841.719508257
0x6f483af1e32cc556d92de33c0b15c0f8b03a6d12-450776,1622793600,0.0003201334810727622747100705253489076,3123.697017409786949176369120665082,20703021793370324201420608,0,9757483.0565748
0x6f483af1e32cc556d92de33c0b15c0f8b03a6d12-450777,1622797200,0.0003200879893121891589732311142179428,3124.140965578927297525357977546742,20703021793370324201420608,0,9760256.77280843
0x6f483af1e32cc556d92de33c0b15c0f8b03a6d12-450778,1622800800,0.0003198258201613654434239034203186986,3126.70190135198703229768842085027,20703021793370324201420608,0,9776264.77991813
0x6f483af1e32cc556d92de33c0b15c0f8b03a6d12-450779,1622804400,0.000320005943708193560331982930355841,3124.941957052767078153940369092047,20703021793370324201420608,0,9765262.234948779
0x6f483af1e32cc556d92de33c0b15c0f8b03a6d12-450780,1622808000,0.0003197511041757913974410655549500823,3127.432515292345222783443499711176,20703021793370324201420608,0,9780834.137707805
0x6f483af1e32cc556d92de33c0b15c0f8b03a6d12-450781,1622811600,0.0003196083259838866781218914694069782,3128.829628957838347781842619218861,20703021793370324201420608,0,9789574.847044446
0x6f483af1e32cc556d92de33c0b15c0f8b03a6d12-450782,1622815200,0.000319814708478246192758699825746636,3126.810535882592259441552275690001,20703021793370324201420608,0,9776944.127306383
0x6f483af1e32cc556d92de33c0b15c0f8b03a6d12-450783,1622818800,0.0003197188545381760854280222422289938,3127.747975465722263468502983446663,20703021793370324201420608,0,9782807.398029925
0x6f483af1e32cc556d92de33c0b15c0f8b03a6d12-450784,1622822400,0.0003189638628237906354211265903105074,3135.151396609599738435401081947776,1702551931792331341560947,0,9829174.279663125
0x6f483af1e32cc556d92de33c0b15c0f8b03a6d12-450785,1622826000,0.0003175440752957479007451676590529826,3149.169132091788644119314495586524,1702551931792331341560947,0,9917266.22251975
0x6f483af1e32cc556d92de33c0b15c0f8b03a6d12-450786,1622829600,0.0003177485168585514764610285414388379,3147.142935194749379583736138034145,1702551931792331341560947,0,9904508.654546224
0x6f483af1e32cc556d92de33c0b15c0f8b03a6d12-450787,1622833200,0.0003180183655671439080458504152142753,3144.472484212135316654702964895264,1702551931792331341560947,0,9887707.203967238
0x6f483af1e32cc556d92de33c0b15c0f8b03a6d12-450788,1622836800,0.0003180116046210610450901465631947194,3144.539335888664973765895390965315,1702551931792331341560947,0,9888127.634951126
0x6f483af1e32cc556d92de33c0b15c0f8b03a6d12-450789,1622840400,0.0003163551452598554730775611296411626,3161.004380626070460375061558824621,1702551931792331341560947,0,9991948.694337208
0x6f483af1e32cc556d92de33c0b15c0f8b03a6d12-450790,1622844000,0.0003154101041588687250952080835216142,3170.475475624936236163959123097098,3326421745003677170934967,0,10051914.741539165
0x6f483af1e32cc556d92de33c0b15c0f8b03a6d12-450791,1622847600,0.0003173435008568112919590534834641429,3151.159539426680943062421534051167,4133706966794390170989700,0,9929806.442919772
0x6f483af1e32cc556d92de33c0b15c0f8b03a6d12-450792,1622851200,0.0003132651642023651785003378136025984,3192.183856593812467620869503592889,3327382249821057216695069,0,10190037.774298146
0x6f483af1e32cc556d92de33c0b15c0f8b03a6d12-450793,1622854800,0.0003130234999624914634518542430042236,3194.648325508553138904300183339846,3327382249821057216695069,0,10205777.923674604
0x6f483af1e32cc556d92de33c0b15c0f8b03a6d12-450794,1622858400,0.0003128907962627299844050252277555048,3196.003244404524182421746052422862,3327382249821057216695069,0,10214436.738244245
0x6f483af1e32cc556d92de33c0b15c0f8b03a6d12-450795,1622862000,0.0003131228473204008124522842935625689,3193.634730131196200416934261717498,3327382249821057216695069,0,10199302.789500158
0x6f483af1e32cc556d92de33c0b15c0f8b03a6d12-450796,1622865600,0.0003127026257035798283115152841492823,3197.926457285107383510105906909965,3326421745003677170934967,0,10226733.626204079
0x6f483af1e32cc556d92de33c0b15c0f8b03a6d12-450797,1622869200,0.0003126360261414712402551857395904092,3198.607698357479127576878786780161,3326421745003677170934967,0,10231091.20799173
0x6f483af1e32cc556d92de33c0b15c0f8b03a6d12-450800,1622880000,0.000316688349181254233767266121911116,3157.678527124019324382490698239809,4133706966794390170989700,0,9970933.680660116
0x6f483af1e32cc556d92de33c0b15c0f8b03a6d12-450801,1622883600,0.0003166879163800940204517408309111926,3157.6828425615824036029425751771,4133706966794390170989700,0,9970960.934207795
0x6f483af1e32cc556d92de33c0b15c0f8b03a6d12-450802,1622887200,0.0003166879163800940204517408309111926,3157.6828425615824036029425751771,4133706966794390170989700,0,9970960.934207795
0x6f483af1e32cc556d92de33c0b15c0f8b03a6d12-450835,1623006000,0.0003113986750444284231003998907551346,3211.31745296387734947819650144508,50829005622003466562,0,10312559.783710405
0x6f483af1e32cc556d92de33c0b15c0f8b03a6d12-450879,1623164400,0.0003335043901300207966682433123255891,2998.461278456147686080690962318888,1160323651708936360325,0,8990770.038400877
0x6f483af1e32cc556d92de33c0b15c0f8b03a6d12-450881,1623171600,0.0003330118374249136664523252683503291,3002.896256579697320611334110754298,1160323651708936360325,0,9017385.92778036
0x6f483af1e32cc556d92de33c0b15c0f8b03a6d12-450882,1623175200,0.0003146791311879987916366512310739172,3177.840221640150259336084873461367,50829005622003466562,0,10098668.474273918
0x6f483af1e32cc556d92de33c0b15c0f8b03a6d12-450936,1623369600,0.0003216942590507005100714864108403148,3108.541641218394740491069442421789,50829005622003466562,0,9663031.13518875
0x6f483af1e32cc556d92de33c0b15c0f8b03a6d12-450939,1623380400,0.0003181736120918984425188289933713815,3142.938201019539214312260664732218,50829005622003466562,0,9878060.535427937
0x6f483af1e32cc556d92de33c0b15c0f8b03a6d12-450961,1623459600,0.0003181736120918984425188289933713815,3142.938201019539214312260664732218,50829005622003466562,0,9878060.535427937
0x6f483af1e32cc556d92de33c0b15c0f8b03a6d12-450965,1623474000,0.0003261359731132389806215725857589503,3066.205762137088707842737760528573,50829005622003466562,0,9401617.775762685
0x6f483af1e32cc556d92de33c0b15c0f8b03a6d12-450971,1623495600,0.0003197457337873126383005679655770937,3127.485043053542483107820161640497,50829005622003466562,0,9781162.69452362
0x6f483af1e32cc556d92de33c0b15c0f8b03a6d12-450973,1623502800,0.000317110487878033242383798308986485,3153.475013367010184173039772671211,50829005622003466562,0,9944404.659930065
0x6f483af1e32cc556d92de33c0b15c0f8b03a6d12-450979,1623524400,0.0003090166890502526076392780340827317,3236.071174904663433743342150533417,50829005622003466562,0,10472156.649048848
0x6f483af1e32cc556d92de33c0b15c0f8b03a6d12-450997,1623589200,0.0003090451418925319569707512503212934,3235.773239715711880559700736732833,50829005622003466562,0,10470228.458860315
0x6f483af1e32cc556d92de33c0b15c0f8b03a6d12-451004,1623614400,0.0003061461915450321243095067582920895,3266.413326761592162491567246209534,11440545793070270497314815,0,10669456.021245731
0x6f483af1e32cc556d92de33c0b15c0f8b03a6d12-451005,1623618000,0.0003055348861348267490860161382087979,3272.948672573903624712330580378641,11440545793070270497314815,0,10712193.013303278
0x6f483af1e32cc556d92de33c0b15c0f8b03a6d12-451006,1623621600,0.0003057858010279202534129798574478932,3270.263029344169670891983630849159,11440545793070270497314815,0,10694620.281095305
0x6f483af1e32cc556d92de33c0b15c0f8b03a6d12-451007,1623625200,0.0003061504047899529203614813698366571,3266.368374348847057888396102318704,11440545793070270497314815,0,10669162.35694633
0x6f483af1e32cc556d92de33c0b15c0f8b03a6d12-451008,1623628800,0.0003063418942560144628010135877449975,3264.326619212862783224713281447914,11440545793070270497314815,0,10655828.276901677
0x6f483af1e32cc556d92de33c0b15c0f8b03a6d12-451009,1623632400,0.0003063020458956522441680513976328458,3264.751291738578431312130316090393,11440545793070270497314815,0,10658600.996908717
0x6f483af1e32cc556d92de33c0b15c0f8b03a6d12-451010,1623636000,0.0003064064482528886490305765529667806,3263.638887830006667265096996053288,11440545793070270497314815,0,10651338.790156282
0x6f483af1e32cc556d92de33c0b15c0f8b03a6d12-451011,1623639600,0.000309032307494630017141866430469103,3235.90762437476466266685145167134,50829005622003466562,0,10471098.153486732
0x6f483af1e32cc556d92de33c0b15c0f8b03a6d12-451012,1623643200,0.000309032307494630017141866430469103,3235.90762437476466266685145167134,50829005622003466562,0,10471098.153486732
0x6f483af1e32cc556d92de33c0b15c0f8b03a6d12-451019,1623668400,0.0003159845567366465794053064583911611,3164.711624921080024865763357660116,50829005622003466562,0,10015399.668910623
0x6f483af1e32cc556d92de33c0b15c0f8b03a6d12-451028,1623700800,0.0003096400869115190444417530816901066,3229.555998302487884130688125098634,50829005622003466562,0,10430031.94617158
0x6f483af1e32cc556d92de33c0b15c0f8b03a6d12-451032,1623715200,0.0002933339482648576866665719457060475,3409.083762432699951352039769883465,50829005622003466562,0,11621852.099282293
0x6f483af1e32cc556d92de33c0b15c0f8b03a6d12-451146,1624125600,0.0003010437174375707011887497926964038,3321.776679187388087211060527596525,50829005622003466562,0,11034200.306393193
0x6f483af1e32cc556d92de33c0b15c0f8b03a6d12-451189,1624280400,0.0003160384879756561322307755312857777,3164.171574181902092890100956396983,50829005622003466562,0,10011981.750860777
0x6f483af1e32cc556d92de33c0b15c0f8b03a6d12-451230,1624428000,0.0003023579323046583249935900082179212,3307.338399815460514941084801366423,50829005622003466562,0,10938487.29089389
0x6f483af1e32cc556d92de33c0b15c0f8b03a6d12-451241,1624467600,0.0003121217426786320713694275465832483,3203.878049052236813277301704313481,50829005622003466562,0,10264834.553198766
0x6f483af1e32cc556d92de33c0b15c0f8b03a6d12-451253,1624510800,0.0003261725195743899717121421381026603,3065.862204776974159876504142897382,50829005622003466562,0,9399511.058679929
0x6f483af1e32cc556d92de33c0b15c0f8b03a6d12-451267,1624561200,0.0003259409716296030815529425137863725,3068.040188382308166671776032140062,50829005622003466562,0,9412870.59752895
0x6f483af1e32cc556d92de33c0b15c0f8b03a6d12-451272,1624579200,0.0003114128907828162073048679646199495,3211.170859004081067891924245913088,50829005622003466562,0,10311618.285717009
0x6f483af1e32cc556d92de33c0b15c0f8b03a6d12-451285,1624626000,0.0003496540392596366613958718977163734,2859.969820790335512289183726980158,50829005622003466562,0,8179427.375831505
0x6f483af1e32cc556d92de33c0b15c0f8b03a6d12-451312,1624723200,0.0003194976805926018251481315960134099,3129.913175410875408223092806753284,50829005622003466562,0,9796356.48561059
0x6f483af1e32cc556d92de33c0b15c0f8b03a6d12-451316,1624737600,0.0003198695624357919709331069031754901,3126.274323774497652154679474231645,50829005622003466562,0,9773591.147491692
0x6f483af1e32cc556d92de33c0b15c0f8b03a6d12-451347,1624849200,0.0002985042797756587547359737733867535,3350.035720598549492282147608141224,50829005622003466562,0,11222739.329286244
0x6f483af1e32cc556d92de33c0b15c0f8b03a6d12-451380,1624968000,0.0002904276919500020977910190718972436,3443.197834496280294839515236860922,12809551700442600545,0,11855611.327479875
0x6f483af1e32cc556d92de33c0b15c0f8b03a6d12-451478,1625320800,0.0002863551127643325767450819636442131,3492.167436252448201532017731323456,12809551700442600545,0,12195233.402821997
0x6f483af1e32cc556d92de33c0b15c0f8b03a6d12-451508,1625428800,0.000240759777607553541262435192893484,4153.517709382641631904892200302332,12809551700442600545,0,17251709.362155225
0x6f483af1e32cc556d92de33c0b15c0f8b03a6d12-451522,1625479200,0.0002407601593797981538399325780977679,4153.511123169278781987692184642796,12809551700442600545,0,17251654.650290925
0x6f483af1e32cc556d92de33c0b15c0f8b03a6d12-451523,1625482800,0.0002407620683163272083263767850600827,4153.478191116641509158259640124224,12809551700442600545,0,17251381.08408157
0x6f483af1e32cc556d92de33c0b15c0f8b03a6d12-451627,1625857200,0.0002507755526330098789129264596947955,3987.629533662799441256944854856845,12809551700442600545,0,15901189.297739794
0x6f483af1e32cc556d92de33c0b15c0f8b03a6d12-451668,1626004800,0.0002520127133108479126347517012584073,3968.053781344510047977720911761391,12809551700442600545,0,15745450.811642464
0x6f483af1e32cc556d92de33c0b15c0f8b03a6d12-451669,1626008400,0.0002532529181505393375740300671427015,3948.621825575873862379151950799468,12809551700442600545,0,15591614.321414147
0x6f483af1e32cc556d92de33c0b15c0f8b03a6d12-451700,1626120000,0.0002607580745876091027762158731841678,3834.972326672942644729363707631603,12809551700442600545,0,14707012.746347284
0x6f483af1e32cc556d92de33c0b15c0f8b03a6d12-451701,1626123600,0.0002683728208514009518067141547719066,3726.159738633532456615961414613245,12809551700442600545,0,13884266.397813514
0x6f483af1e32cc556d92de33c0b15c0f8b03a6d12-451759,1626332400,0.0002683728208514009518067141547719066,3726.159738633532456615961414613245,12809551700442600545,0,13884266.397813514
0x6f483af1e32cc556d92de33c0b15c0f8b03a6d12-451773,1626382800,0.0002918130523575079135807549507105621,3426.851513053204575021187170430247,12809551700442600545,0,11743311.292515038
0x6f483af1e32cc556d92de33c0b15c0f8b03a6d12-451870,1626732000,0.0002918130523575079135807549507105621,3426.851513053204575021187170430247,12809551700442600545,0,11743311.292515038
0x6f483af1e32cc556d92de33c0b15c0f8b03a6d12-451929,1626944400,0.0002876002823980521467909251382723666,3477.048046204466380575803106142362,32666016085500709319,0,12089863.115614297
0x6f483af1e32cc556d92de33c0b15c0f8b03a6d12-451954,1627034400,0.0002679944465071695512945997073521838,3731.420606035757493069171902723611,32666016085500709319,0,13923499.739148261
0x6f483af1e32cc556d92de33c0b15c0f8b03a6d12-452007,1627225200,0.0002707008764310253628587604654149249,3694.114378882700805889964487216184,32666016085500709319,0,13646481.04426792
0x6f483af1e32cc556d92de33c0b15c0f8b03a6d12-452024,1627286400,0.0002571606483865006890479937918973008,3888.619842399237349359120217780532,32666016085500709319,0,15121364.27870107
0x6f483af1e32cc556d92de33c0b15c0f8b03a6d12-452122,1627639200,0.0002575751463188526127852547503951951,3882.362154468500944843209668456754,32666016085500709319,0,15072735.898449302
0x6f483af1e32cc556d92de33c0b15c0f8b03a6d12-452171,1627815600,0.000240567493246178096184141700947407,4156.837594748005437202894559044675,32666016085500709319,0,17279298.78911038
0x6f483af1e32cc556d92de33c0b15c0f8b03a6d12-452261,1628139600,0.0002163950091701132449217250022373316,4621.178666897425076985152129002974,12809551700442600545,0,21355292.271387864
0x6f483af1e32cc556d92de33c0b15c0f8b03a6d12-452314,1628330400,0.0001820558877296887578788275609349615,5492.818784772128152527881423895923,12809551700442600545,0,30171058.20234556
0x6f483af1e32cc556d92de33c0b15c0f8b03a6d12-452346,1628445600,0.0001887553620977958711547160605713971,5297.862740884102132140370503577021,12809551700442600545,0,28067349.62124801
0x6f483af1e32cc556d92de33c0b15c0f8b03a6d12-452377,1628557200,0.0001907962515952067593912276313376396,5241.193113801834771849852489491029,12809551700442600545,0,27470105.25616377
0x6f483af1e32cc556d92de33c0b15c0f8b03a6d12-452384,1628582400,0.0002107025368407257865995699290446878,4746.027337847952780049676650803124,12809551700442600545,0,22524775.491600122
0x6f483af1e32cc556d92de33c0b15c0f8b03a6d12-452393,1628614800,0.0002899728841682513327289264107588158,3448.598315902423266937904824060224,32666016085500709319,0,11892830.34444503
0x6f483af1e32cc556d92de33c0b15c0f8b03a6d12-452399,1628636400,0.0002300203594316443145745147658095867,4347.44125463890654778267114691545,32666016085500709319,0,18900245.462536313
0x6f483af1e32cc556d92de33c0b15c0f8b03a6d12-452400,1628640000,0.0002310920454813725289671522868521383,4327.280058112628908871346520636119,32666016085500709319,0,18725352.701339234
0x6f483af1e32cc556d92de33c0b15c0f8b03a6d12-452401,1628643600,0.0002500719339663619039582205894576315,3998.849387610661177823570563441106,32666016085500709319,0,15990796.42479416
0x6f483af1e32cc556d92de33c0b15c0f8b03a6d12-452404,1628654400,0.0002657951016871130247062905975755706,3762.296572256525609908474160201928,32666016085500709319,0,14154875.4976132
0x6f483af1e32cc556d92de33c0b15c0f8b03a6d12-452427,1628737200,0.000246113996625150942772533617869486,4063.157779372746780282959616426146,32666016085500709319,0,16509251.14007727
0x6f483af1e32cc556d92de33c0b15c0f8b03a6d12-452473,1628902800,0.0001719348749232607742071727157961686,5816.155683635023343883570970866542,12809551700442600545,0,33827666.93627999
0x6f483af1e32cc556d92de33c0b15c0f8b03a6d12-452474,1628906400,0.0001855175099683621373703742948659373,5390.326768457265396830979501693576,12809551700442600545,0,29055622.670746945
0x6f483af1e32cc556d92de33c0b15c0f8b03a6d12-452482,1628935200,0.0002073818418999881393663015819534869,4822.022944912696294495757280441131,12809551700442600545,0,23251905.281264514
0x6f483af1e32cc556d92de33c0b15c0f8b03a6d12-452579,1629284400,0.0002145176604983355146408214297032038,4661.620855257085929592341907581479,12809551700442600545,0,21730708.99816781
0x6f483af1e32cc556d92de33c0b15c0f8b03a6d12-452673,1629622800,0.0002145176604983355146408214297032038,4661.620855257085929592341907581479,12809551700442600545,0,21730708.99816781
0x6f483af1e32cc556d92de33c0b15c0f8b03a6d12-452714,1629770400,0.0002863393286643799969370791323849742,3492.35993764623878464719315991226,19856464385058108774,0,12196577.934076441
0x6f483af1e32cc556d92de33c0b15c0f8b03a6d12-452716,1629777600,0.0003070025902657794837719966198688985,3257.30150724225514486834433011758,38019453921560866017,0,10610013.109082667
0x6f483af1e32cc556d92de33c0b15c0f8b03a6d12-452720,1629792000,0.0003053456574466084340037614833744896,3274.976983010986981940600280840707,38019453921560866017,0,10725474.239251748
0x6f483af1e32cc556d92de33c0b15c0f8b03a6d12-452724,1629806400,0.0002804914675574823908946168072501749,3565.170836417922254176723001451363,19856464385058108774,0,12710443.092844868
0x6f483af1e32cc556d92de33c0b15c0f8b03a6d12-452859,1630292400,0.0002569243752034011286721560182327424,3892.19590086897345084564950673151,19856464385058108774,0,15149188.93074124
0x6f483af1e32cc556d92de33c0b15c0f8b03a6d12-453010,1630836000,0.0002337873528561835221292828062457619,4277.391346379456881531903839056289,19856464385058108774,0,18296076.730081864
0x6f483af1e32cc556d92de33c0b15c0f8b03a6d12-453920,1634112000,0.0002355036263579056265804629085943539,4246.219115455378537929618845992466,19856464385058108774,0,18030376.77645866
0x6f483af1e32cc556d92de33c0b15c0f8b03a6d12-454190,1635084000,0.0002313351805820715338142214670930895,4322.732052616730079123642273801046,19856464385058108774,0,18686012.39872005
0x6f483af1e32cc556d92de33c0b15c0f8b03a6d12-454496,1636185600,0.0002328689135953156442802729909656947,4294.26145620200912988827168368432,19856464385058108774,0,18440681.4542222
0x6f483af1e32cc556d92de33c0b15c0f8b03a6d12-454640,1636704000,0.000233227254362471719613846010204293,4287.663561162724215154205541055937,19856464385058108774,0,18384058.813722614
0x6f483af1e32cc556d92de33c0b15c0f8b03a6d12-454644,1636718400,0.000237125965731592999059550151070579,4217.167853865136710158577150682063,19856464385058108774,0,17784504.707673483
0x6f483af1e32cc556d92de33c0b15c0f8b03a6d12-454661,1636779600,0.0002770989775094941986634691897128239,3608.818801815092072489169218298159,19856464385058108774,0,13023573.144334119
0x6f483af1e32cc556d92de33c0b15c0f8b03a6d12-454975,1637910000,0.0002419797100960242294629782949364505,4132.577890944544037705930845942262,19856464385058108774,0,17078200.024723656
0x6f483af1e32cc556d92de33c0b15c0f8b03a6d12-455389,1639400400,0.0002498732084490340888926843192285393,4002.029694207760931856087725642507,19856464385058108774,0,16016241.673320664
0x6f483af1e32cc556d92de33c0b15c0f8b03a6d12-456075,1641870000,0.0002710191687619269204931692097082267,3689.775909830334966245233573844437,19856464385058108774,0,13614446.264764277
0x6f483af1e32cc556d92de33c0b15c0f8b03a6d12-456138,1642096800,0.0004079770334219352779892652559154413,2451.118367160110923125676673893935,38019453921560866017,0,6007981.249829649
0x6f483af1e32cc556d92de33c0b15c0f8b03a6d12-456151,1642143600,0.0004076790098486914573022327331889436,2452.910196115189416160237972245137,38019453921560866017,0,6016768.430205857
0x6f483af1e32cc556d92de33c0b15c0f8b03a6d12-456162,1642183200,0.0003331819430407148310574089497714121,3001.363131728300195277228497214396,38019453921560866017,0,9008180.64849791
0x6f483af1e32cc556d92de33c0b15c0f8b03a6d12-456440,1643184000,0.0002781683914912982978861102265409618,3594.944755005646061601321745036869,19856464385058108774,0,12923627.791542606
0x6f483af1e32cc556d92de33c0b15c0f8b03a6d12-456707,1644145200,0.0002589076691881231086640637843903335,3862.380759657594092544802910003408,19856464385058108774,0,14917985.132573172
0x6f483af1e32cc556d92de33c0b15c0f8b03a6d12-456892,1644811200,0.0002359419834063791426067011779243944,4238.330057087089351608686665775894,19856464385058108774,0,17963441.67280785
0x6f483af1e32cc556d92de33c0b15c0f8b03a6d12-457022,1645279200,0.000237490887394791958095748419476513,4210.687875100042423350871971994859,19856464385058108774,0,17729892.38151451
0x6f483af1e32cc556d92de33c0b15c0f8b03a6d12-457356,1646481600,0.0002306963756435871419291747853614459,4334.70182273233223882479232891908,19856464385058108774,0,18789639.891999006
0x6f483af1e32cc556d92de33c0b15c0f8b03a6d12-458823,1651762800,0.000230818718555509149264010754199958,4332.40426191653050509956351716634,19856464385058108774,0,18769726.688672516
0x6f483af1e32cc556d92de33c0b15c0f8b03a6d12-459561,1654419600,0.000231063501674903506574537995498279,4327.814616983331950784421759125076,19856464385058108774,0,18729979.358974583
0x6f483af1e32cc556d92de33c0b15c0f8b03a6d12-460276,1656993600,0.0002310879871218499674325867752269756,4327.35605366068555433925795326772,19856464385058108774,0,18726010.415153783
0x6f483af1e32cc556d92de33c0b15c0f8b03a6d12-460869,1659128400,0.0002323139134935288352295659232235933,4304.520486793208196407693642218086,19856464385058108774,0,18528896.621222436
0x6f483af1e32cc556d92de33c0b15c0f8b03a6d12-460875,1659150000,0.0002297371653497277796055085769424933,4352.800290182499725058681546208858,19856464385058108774,0,18946870.366212852
0x6f483af1e32cc556d92de33c0b15c0f8b03a6d12-461462,1661263200,0.0002297371653497277796055085769424933,4352.800290182499725058681546208858,19856464385058108774,0,18946870.366212852
0x6f483af1e32cc556d92de33c0b15c0f8b03a6d12-462073,1663462800,0.0002299412651131006434587741864072206,4348.936670884769048137024725977384,19856464385058108774,0,18913250.1673663
0x6f483af1e32cc556d92de33c0b15c0f8b03a6d12-464084,1670702400,0.0002512599759062756057866177044055421,3979.941478514738073836745471376435,19856464385058108774,0,15839934.17240208
0x6f483af1e32cc556d92de33c0b15c0f8b03a6d12-464085,1670706000,0.0002344603255830426293316808081779311,4265.113927114349779802099508487739,19856464385058108774,0,18191196.811264794
0x6f483af1e32cc556d92de33c0b15c0f8b03a6d12-464149,1670936400,0.0002297457433067433037711984844275366,4352.637770811089675172356564173075,19856464385058108774,0,18945455.563891333
